{
  "llm-1": {
    "model_name": "/LLMCKPTs/huggyllama/llama-13b",
    "mps": [
      100,
      90
    ],
    "first_token_latency": 1.010812145667416,
    "output_per_token_latency": 0.22583817139161033,
    "request_num": 702,
    "throughput": 6.921053542910231,
    "tokens_throughput": 2657.083158389042,
    "prefill_avg_batches": 7.887640449438202,
    "prefill_batch_times": 89,
    "decoding_avg_batches": 380.9155172413793,
    "decoding_batch_times": 580,
    "p99[avg_latency]": 93.48942722643142,
    "p95[avg_latency]": 84.69510713152302,
    "p90[avg_latency]": 80.31196756626106,
    "p99[TTFT]": 2.8080511544895055,
    "p95[TTFT]": 2.389156729371906,
    "p90[TTFT]": 2.01579933896164,
    "p99[TPOT]": 1.1272574124337595,
    "p95[TPOT]": 0.4165531310884649,
    "p90[TPOT]": 0.2675549141785319,
    "origin_file": "/mnt/afs/lurunyu/data/requests_over_time_models_days_from_day55_to_day55_condense1200_N17_maxrate_19_avgrate_6_placement_requests_over_time_models_days_from_day55_to_day55_condense1200_N17_maxrate_19_avgrate_6_GPUnum32_mesh_size8_idx0_temporal_stats.json"
  },
  "llm-10": {
    "model_name": "/mnt/afs/share/LLMCKPTs/huggyllama/llama-65b",
    "mps": [
      100,
      90
    ],
    "first_token_latency": 16.54119764569517,
    "output_per_token_latency": 0.1358811857366723,
    "request_num": 68,
    "throughput": 0.6014260184242626,
    "tokens_throughput": 197.90453806266618,
    "prefill_avg_batches": 1.1929824561403508,
    "prefill_batch_times": 57,
    "decoding_avg_batches": 14.778032036613272,
    "decoding_batch_times": 1311,
    "p99[avg_latency]": 83.82582658973081,
    "p95[avg_latency]": 81.79797814669678,
    "p90[avg_latency]": 76.04341374104781,
    "p99[TTFT]": 38.45986098571786,
    "p95[TTFT]": 37.898970196739455,
    "p90[TTFT]": 36.31317928057909,
    "p99[TPOT]": 0.5614424557922524,
    "p95[TPOT]": 0.3658260413374823,
    "p90[TPOT]": 0.22406824896673502,
    "origin_file": "/mnt/afs/lurunyu/data/requests_over_time_models_days_from_day55_to_day55_condense1200_N17_maxrate_19_avgrate_6_placement_requests_over_time_models_days_from_day55_to_day55_condense1200_N17_maxrate_19_avgrate_6_GPUnum32_mesh_size4_idx4_temporal_stats.json"
  },
  "llm-11": {
    "model_name": "/mnt/afs/share/LLMCKPTs/huggyllama/llama-30b",
    "mps": [
      100,
      90
    ],
    "first_token_latency": 25.382935658542042,
    "output_per_token_latency": 0.1935382894491866,
    "request_num": 533,
    "throughput": 3.408890668407917,
    "tokens_throughput": 1510.0810050990492,
    "prefill_avg_batches": 8.138211382113822,
    "prefill_batch_times": 246,
    "decoding_avg_batches": 166.84912280701755,
    "decoding_batch_times": 1140,
    "p99[avg_latency]": 125.2680678589093,
    "p95[avg_latency]": 118.58898449341082,
    "p90[avg_latency]": 114.84427971581619,
    "p99[TTFT]": 64.1640398960265,
    "p95[TTFT]": 62.412038788364576,
    "p90[TTFT]": 60.716541425261646,
    "p99[TPOT]": 0.9841226428331595,
    "p95[TPOT]": 0.4214119223660928,
    "p90[TPOT]": 0.21728757569694632,
    "origin_file": "/mnt/afs/lurunyu/data/requests_over_time_models_days_from_day55_to_day55_condense1200_N17_maxrate_19_avgrate_6_placement_requests_over_time_models_days_from_day55_to_day55_condense1200_N17_maxrate_19_avgrate_6_GPUnum32_mesh_size4_idx1_temporal_stats.json"
  },
  "llm-12": {
    "model_name": "/mnt/afs/share/LLMCKPTs/huggyllama/llama-13b",
    "mps": [
      100,
      90
    ],
    "first_token_latency": 5.084803119829965,
    "output_per_token_latency": 0.2709276203570156,
    "request_num": 163,
    "throughput": 1.0130513986207275,
    "tokens_throughput": 312.05090597146074,
    "prefill_avg_batches": 1.7864077669902914,
    "prefill_batch_times": 103,
    "decoding_avg_batches": 21.72367438386856,
    "decoding_batch_times": 1339,
    "p99[avg_latency]": 124.2230796487859,
    "p95[avg_latency]": 94.01473200202237,
    "p90[avg_latency]": 81.80289342460412,
    "p99[TTFT]": 21.42189898158027,
    "p95[TTFT]": 10.918928743271156,
    "p90[TTFT]": 10.307144178903355,
    "p99[TPOT]": 1.5376978573179374,
    "p95[TPOT]": 0.8113772903004615,
    "p90[TPOT]": 0.5384191714925692,
    "origin_file": "/mnt/afs/lurunyu/data/requests_over_time_models_days_from_day55_to_day55_condense1200_N17_maxrate_19_avgrate_6_placement_requests_over_time_models_days_from_day55_to_day55_condense1200_N17_maxrate_19_avgrate_6_GPUnum32_mesh_size4_idx1_temporal_stats.json"
  },
  "llm-13": {
    "model_name": "/LLMCKPTs/huggyllama/llama-7b",
    "mps": [
      100,
      90
    ],
    "first_token_latency": 0.3979160636984225,
    "output_per_token_latency": 0.09372526577038405,
    "request_num": 168,
    "throughput": 2.8746453676943737,
    "tokens_throughput": 807.2791297765051,
    "prefill_avg_batches": 1.5412844036697249,
    "prefill_batch_times": 109,
    "decoding_avg_batches": 30.264705882352942,
    "decoding_batch_times": 748,
    "p99[avg_latency]": 40.962692415275136,
    "p95[avg_latency]": 30.300787817093855,
    "p90[avg_latency]": 23.498577952866754,
    "p99[TTFT]": 2.349920969679828,
    "p95[TTFT]": 1.682069378526571,
    "p90[TTFT]": 1.496233798116446,
    "p99[TPOT]": 0.28346387484040475,
    "p95[TPOT]": 0.15014624986616928,
    "p90[TPOT]": 0.13117903167640585,
    "origin_file": "/mnt/afs/lurunyu/data/requests_over_time_models_days_from_day55_to_day55_condense1200_N17_maxrate_19_avgrate_6_placement_requests_over_time_models_days_from_day55_to_day55_condense1200_N17_maxrate_19_avgrate_6_GPUnum32_mesh_size2_idx5_temporal_stats.json"
  },
  "llm-14": {
    "model_name": "/mnt/afs/share/LLMCKPTs/huggyllama/llama-65b",
    "mps": [
      100,
      90
    ],
    "first_token_latency": 4.75778929028271,
    "output_per_token_latency": 0.22259237823208977,
    "request_num": 75,
    "throughput": 0.6534033079362177,
    "tokens_throughput": 234.53693937267892,
    "prefill_avg_batches": 1.6346153846153846,
    "prefill_batch_times": 52,
    "decoding_avg_batches": 18.90560165975104,
    "decoding_batch_times": 964,
    "p99[avg_latency]": 82.01745424893375,
    "p95[avg_latency]": 74.845632868018,
    "p90[avg_latency]": 70.79342225760473,
    "p99[TTFT]": 22.49475024161149,
    "p95[TTFT]": 17.415143296788138,
    "p90[TTFT]": 16.905439664350205,
    "p99[TPOT]": 0.6402020241103741,
    "p95[TPOT]": 0.5803591066004278,
    "p90[TPOT]": 0.4479642832077394,
    "origin_file": "/mnt/afs/lurunyu/data/requests_over_time_models_days_from_day55_to_day55_condense1200_N17_maxrate_19_avgrate_6_placement_requests_over_time_models_days_from_day55_to_day55_condense1200_N17_maxrate_19_avgrate_6_GPUnum32_mesh_size4_idx3_temporal_stats.json"
  },
  "llm-15": {
    "model_name": "/LLMCKPTs/huggyllama/llama-7b",
    "mps": [
      100,
      90
    ],
    "first_token_latency": 0.3116311587942262,
    "output_per_token_latency": 0.026867359770857274,
    "request_num": 272,
    "throughput": 6.327630507700304,
    "tokens_throughput": 1825.4283480817185,
    "prefill_avg_batches": 1.3399014778325122,
    "prefill_batch_times": 203,
    "decoding_avg_batches": 24.383516483516484,
    "decoding_batch_times": 1820,
    "p99[avg_latency]": 13.949330361036992,
    "p95[avg_latency]": 11.819185949040886,
    "p90[avg_latency]": 9.897758917274574,
    "p99[TTFT]": 3.154436954623461,
    "p95[TTFT]": 2.2144811584657664,
    "p90[TTFT]": 1.019046639476593,
    "p99[TPOT]": 0.09289704648960842,
    "p95[TPOT]": 0.05101612021272626,
    "p90[TPOT]": 0.03965865444508664,
    "origin_file": "/mnt/afs/lurunyu/data/requests_over_time_models_days_from_day55_to_day55_condense1200_N17_maxrate_19_avgrate_6_placement_requests_over_time_models_days_from_day55_to_day55_condense1200_N17_maxrate_19_avgrate_6_GPUnum32_mesh_size1_idx9_temporal_stats.json"
  },
  "llm-16": {
    "model_name": "/LLMCKPTs/huggyllama/llama-65b",
    "mps": [
      100,
      90
    ],
    "first_token_latency": 0.6814781142349474,
    "output_per_token_latency": 0.3429688319184791,
    "request_num": 116,