{
  "llm-1": {
    "model_name": "/LLMCKPTs/huggyllama/llama-13b",
    "mps": [
      100,
      60
    ],
    "first_token_latency": 13.249392606887708,
    "output_per_token_latency": 0.08886191341691126,
    "request_num": 702,
    "throughput": 6.286486753047367,
    "tokens_throughput": 2413.4646515007644,
    "prefill_avg_batches": 6.212389380530974,
    "prefill_batch_times": 113,
    "decoding_avg_batches": 166.61463046757166,
    "decoding_batch_times": 1326,
    "p99[avg_latency]": 58.87445404095207,
    "p95[avg_latency]": 55.39852947725784,
    "p90[avg_latency]": 53.34570272788033,
    "p99[TTFT]": 22.591065117047545,
    "p95[TTFT]": 20.55555692027769,
    "p90[TTFT]": 19.58465579466224,
    "p99[TPOT]": 0.216019944639013,
    "p95[TPOT]": 0.12625347648314184,
    "p90[TPOT]": 0.11089721106856257,
    "origin_file": "/mnt/afs/lurunyu/data/requests_over_time_models_days_from_day55_to_day55_condense500_N17_maxrate_8_avgrate_2_placement_requests_over_time_models_days_from_day55_to_day55_condense500_N17_maxrate_8_avgrate_2_GPUnum32_mesh_size2_idx4_stats.json"
  },
  "llm-10": {
    "model_name": "/LLMCKPTs/huggyllama/llama-65b",
    "mps": [
      100,
      30
    ],
    "first_token_latency": 0.7123065094020324,
    "output_per_token_latency": 0.058486740980423814,
    "request_num": 68,
    "throughput": 0.5764491011847356,
    "tokens_throughput": 189.68566306043593,
    "prefill_avg_batches": 1.5454545454545454,
    "prefill_batch_times": 44,
    "decoding_avg_batches": 9.464582315583781,
    "decoding_batch_times": 2047,
    "p99[avg_latency]": 51.729698756321184,
    "p95[avg_latency]": 47.32399021943789,
    "p90[avg_latency]": 41.03434112456927,
    "p99[TTFT]": 2.0243920715619637,
    "p95[TTFT]": 1.8685536365833135,
    "p90[TTFT]": 1.6341873739425075,
    "p99[TPOT]": 0.08993155495214204,
    "p95[TPOT]": 0.08016947194020711,
    "p90[TPOT]": 0.07598474731381584,
    "origin_file": "/mnt/afs/lurunyu/data/requests_over_time_models_days_from_day55_to_day55_condense500_N17_maxrate_8_avgrate_2_placement_requests_over_time_models_days_from_day55_to_day55_condense500_N17_maxrate_8_avgrate_2_GPUnum32_mesh_size4_idx2_stats.json"
  },
  "llm-11": {
    "model_name": "/LLMCKPTs/huggyllama/llama-30b",
    "mps": [
      100,
      90
    ],
    "first_token_latency": 16.777397445254014,
    "output_per_token_latency": 0.12470262748588705,
    "request_num": 533,
    "throughput": 3.799042382788372,
    "tokens_throughput": 1682.911626641956,
    "prefill_avg_batches": 4.298387096774194,
    "prefill_batch_times": 124,
    "decoding_avg_batches": 138.90915805022158,
    "decoding_batch_times": 1354,
    "p99[avg_latency]": 97.53177729449533,
    "p95[avg_latency]": 91.4224218713902,
    "p90[avg_latency]": 85.69084172958509,
    "p99[TTFT]": 32.45241162930578,
    "p95[TTFT]": 31.49554598762244,
    "p90[TTFT]": 30.64158436862379,
    "p99[TPOT]": 0.3358492375503602,
    "p95[TPOT]": 0.19855268625559755,
    "p90[TPOT]": 0.1514743920483186,
    "origin_file": "/mnt/afs/lurunyu/data/requests_over_time_models_days_from_day55_to_day55_condense500_N17_maxrate_8_avgrate_2_placement_requests_over_time_models_days_from_day55_to_day55_condense500_N17_maxrate_8_avgrate_2_GPUnum32_mesh_size4_idx1_stats.json"
  },
  "llm-12": {
    "model_name": "/LLMCKPTs/huggyllama/llama-13b",
    "mps": [
      90,
      30
    ],
    "first_token_latency": 0.2994706408500989,
    "output_per_token_latency": 0.045502148217238914,
    "request_num": 163,
    "throughput": 1.4682012605488148,
    "tokens_throughput": 452.2510250975181,
    "prefill_avg_batches": 1.2734375,
    "prefill_batch_times": 128,
    "decoding_avg_batches": 9.678716216216216,
    "decoding_batch_times": 2960,
    "p99[avg_latency]": 30.743264958608357,
    "p95[avg_latency]": 22.929785363872362,
    "p90[avg_latency]": 17.573382501415164,
    "p99[TTFT]": 2.2814915206171564,
    "p95[TTFT]": 1.2820024343844505,
    "p90[TTFT]": 1.0430313463971028,
    "p99[TPOT]": 0.1596700880858068,
    "p95[TPOT]": 0.06156675044678735,
    "p90[TPOT]": 0.04983279356945119,
    "origin_file": "/mnt/afs/lurunyu/data/requests_over_time_models_days_from_day55_to_day55_condense500_N17_maxrate_8_avgrate_2_placement_requests_over_time_models_days_from_day55_to_day55_condense500_N17_maxrate_8_avgrate_2_GPUnum32_mesh_size2_idx9_stats.json"
  },
  "llm-13": {
    "model_name": "/LLMCKPTs/huggyllama/llama-7b",
    "mps": [
      80,
      30
    ],
    "first_token_latency": 0.10871424029485921,
    "output_per_token_latency": 0.018247193493056042,
    "request_num": 168,
    "throughput": 1.8316097812859002,
    "tokens_throughput": 514.3661778052826,
    "prefill_avg_batches": 1.0566037735849056,
    "prefill_batch_times": 159,
    "decoding_avg_batches": 4.658983329903272,
    "decoding_batch_times": 4859,
    "p99[avg_latency]": 10.551193760770564,
    "p95[avg_latency]": 7.255079019560108,
    "p90[avg_latency]": 5.468369916343688,
    "p99[TTFT]": 1.577775234989413,
    "p95[TTFT]": 0.6116097026130187,
    "p90[TTFT]": 0.07902899114601375,
    "p99[TPOT]": 0.02293358788826601,
    "p95[TPOT]": 0.021080312287342116,
    "p90[TPOT]": 0.01989449152304779,
    "origin_file": "/mnt/afs/lurunyu/data/requests_over_time_models_days_from_day55_to_day55_condense500_N17_maxrate_8_avgrate_2_placement_requests_over_time_models_days_from_day55_to_day55_condense500_N17_maxrate_8_avgrate_2_GPUnum32_mesh_size2_idx5_stats.json"
  },
  "llm-14": {
    "model_name": "/LLMCKPTs/huggyllama/llama-65b",
    "mps": [
      100,
      30
    ],
    "first_token_latency": 3.4347264060408875,
    "output_per_token_latency": 0.0743962012306671,
    "request_num": 75,
    "throughput": 0.6163418963235637,
    "tokens_throughput": 221.23386921235547,
    "prefill_avg_batches": 3.5714285714285716,
    "prefill_batch_times": 21,
    "decoding_avg_batches": 9.826181423139598,
    "decoding_batch_times": 1841,
    "p99[avg_latency]": 57.26440515377374,
    "p95[avg_latency]": 46.18335925581268,
    "p90[avg_latency]": 39.103743781790136,
    "p99[TTFT]": 14.241884224589917,
    "p95[TTFT]": 10.905605443453043,
    "p90[TTFT]": 7.302976749566951,
    "p99[TPOT]": 0.17924639965955394,
    "p95[TPOT]": 0.115028971483893,
    "p90[TPOT]": 0.09287724116135225,
    "origin_file": "/mnt/afs/lurunyu/data/requests_over_time_models_days_from_day55_to_day55_condense500_N17_maxrate_8_avgrate_2_placement_requests_over_time_models_days_from_day55_to_day55_condense500_N17_maxrate_8_avgrate_2_GPUnum32_mesh_size8_idx0_stats.json"
  },
  "llm-15": {
    "model_name": "/LLMCKPTs/huggyllama/llama-7b",
    "mps": [
      80,
      30
    ],
    "first_token_latency": 0.07802701992304624,
    "output_per_token_latency": 0.02004030483078665,
    "request_num": 272,
    "throughput": 2.940865049395906,
    "tokens_throughput": 848.3963187352866,
    "prefill_avg_batches": 1.0583657587548638,
    "prefill_batch_times": 257,
    "decoding_avg_batches": 9.458226768968457,
    "decoding_batch_times": 4692,
    "p99[avg_latency]": 10.269340384970729,
    "p95[avg_latency]": 9.591232250856233,
    "p90[avg_latency]": 8.208248728023099,
    "p99[TTFT]": 0.9197171781563758,
    "p95[TTFT]": 0.4096076872324571,
    "p90[TTFT]": 0.07655817601568966,
    "p99[TPOT]": 0.03863409144783683,
    "p95[TPOT]": 0.029841572921846565,
    "p90[TPOT]": 0.023883843842606077,
    "origin_file": "/mnt/afs/lurunyu/data/requests_over_time_models_days_from_day55_to_day55_condense500_N17_maxrate_8_avgrate_2_placement_requests_over_time_models_days_from_day55_to_day55_condense500_N17_maxrate_8_avgrate_2_GPUnum32_mesh_size2_idx7_stats.json"
  },
  "llm-16": {
    "model_name": "/LLMCKPTs/huggyllama/llama-65b",
    "mps": [
      100,
      30
    ],
    "first_token_latency": 3.9605392940108635,
    "output_per_token_latency": 0.08739762268079015,
    "request_num": 116,
    "throughput": 1.0529098130445418,
    "tokens_throughput": 337.94774275236534,
    "prefill_avg_batches": 4.833333333333333,