{
  "llm-1": {
    "model_name": "/LLMCKPTs/huggyllama/llama-13b",
    "mps": [
      100,
      90
    ],
    "first_token_latency": 79.23482554957965,
    "output_per_token_latency": 0.2016997766884006,
    "request_num": 702,
    "throughput": 3.0369818928659216,
    "tokens_throughput": 1165.937149573527,
    "prefill_avg_batches": 2.1402439024390243,
    "prefill_batch_times": 328,
    "decoding_avg_batches": 169.16615620214395,
    "decoding_batch_times": 1306,
    "p99[avg_latency]": 191.81234032329823,
    "p95[avg_latency]": 185.9081368517503,
    "p90[avg_latency]": 180.99628928600998,
    "p99[TTFT]": 145.2531577028105,
    "p95[TTFT]": 143.45311066933533,
    "p90[TTFT]": 141.42483990114556,
    "p99[TPOT]": 0.5342899933353482,
    "p95[TPOT]": 0.3060159235001187,
    "p90[TPOT]": 0.28844532684959895,
    "origin_file": "/mnt/afs/lurunyu/data/requests_over_time_models_days_from_day55_to_day55_condense800_N17_maxrate_13_avgrate_4_placement_requests_over_time_models_days_from_day55_to_day55_condense800_N17_maxrate_13_avgrate_4_GPUnum32_mesh_size8_idx0_temporal_stats.json"
  },
  "llm-10": {
    "model_name": "/LLMCKPTs/huggyllama/llama-65b",
    "mps": [
      100,
      90
    ],
    "first_token_latency": 0.4015183919525761,
    "output_per_token_latency": 0.11828597389560154,
    "request_num": 68,
    "throughput": 0.6298376404155518,
    "tokens_throughput": 207.25363296968217,
    "prefill_avg_batches": 1.2830188679245282,
    "prefill_batch_times": 53,
    "decoding_avg_batches": 16.87630662020906,
    "decoding_batch_times": 1148,
    "p99[avg_latency]": 79.08094720249102,
    "p95[avg_latency]": 69.88128364907111,
    "p90[avg_latency]": 64.45618454333767,
    "p99[TTFT]": 1.5991250902552152,
    "p95[TTFT]": 1.4174137120181696,
    "p90[TTFT]": 1.1288856514766812,
    "p99[TPOT]": 0.4225081518069693,
    "p95[TPOT]": 0.19510348091596616,
    "p90[TPOT]": 0.17664694979466267,
    "origin_file": "/mnt/afs/lurunyu/data/requests_over_time_models_days_from_day55_to_day55_condense800_N17_maxrate_13_avgrate_4_placement_requests_over_time_models_days_from_day55_to_day55_condense800_N17_maxrate_13_avgrate_4_GPUnum32_mesh_size4_idx5_temporal_stats.json"
  },
  "llm-11": {
    "model_name": "/mnt/afs/share/LLMCKPTs/huggyllama/llama-30b",
    "mps": [
      100,
      90
    ],
    "first_token_latency": 47.07952611739707,
    "output_per_token_latency": 0.17149191050679025,
    "request_num": 533,
    "throughput": 3.0774372961312597,
    "tokens_throughput": 1363.2527579541309,
    "prefill_avg_batches": 1.9035714285714285,
    "prefill_batch_times": 280,
    "decoding_avg_batches": 138.5,
    "decoding_batch_times": 1358,
    "p99[avg_latency]": 136.519364237383,
    "p95[avg_latency]": 131.42625244950872,
    "p90[avg_latency]": 125.75307323025166,
    "p99[TTFT]": 88.30367077274471,
    "p95[TTFT]": 87.10285508785024,
    "p90[TTFT]": 86.03999867704883,
    "p99[TPOT]": 0.8931306373105581,
    "p95[TPOT]": 0.35089319866445334,
    "p90[TPOT]": 0.21844774951238455,
    "origin_file": "/mnt/afs/lurunyu/data/requests_over_time_models_days_from_day55_to_day55_condense800_N17_maxrate_13_avgrate_4_placement_requests_over_time_models_days_from_day55_to_day55_condense800_N17_maxrate_13_avgrate_4_GPUnum32_mesh_size4_idx1_temporal_stats.json"
  },
  "llm-12": {
    "model_name": "/LLMCKPTs/huggyllama/llama-13b",
    "mps": [
      100,
      90
    ],
    "first_token_latency": 0.7526311279466502,
    "output_per_token_latency": 0.22073509167374622,
    "request_num": 163,
    "throughput": 1.4367021005596492,
    "tokens_throughput": 442.5483175889535,
    "prefill_avg_batches": 1.8522727272727273,
    "prefill_batch_times": 88,
    "decoding_avg_batches": 24.034395973154364,
    "decoding_batch_times": 1192,
    "p99[avg_latency]": 91.45715596996095,
    "p95[avg_latency]": 71.1880821508281,
    "p90[avg_latency]": 63.05476365686954,
    "p99[TTFT]": 3.841673456596955,
    "p95[TTFT]": 2.882417892996222,
    "p90[TTFT]": 1.9220530241802363,
    "p99[TPOT]": 0.6811457807259549,
    "p95[TPOT]": 0.42466823811798055,
    "p90[TPOT]": 0.34094737502887396,
    "origin_file": "/mnt/afs/lurunyu/data/requests_over_time_models_days_from_day55_to_day55_condense800_N17_maxrate_13_avgrate_4_placement_requests_over_time_models_days_from_day55_to_day55_condense800_N17_maxrate_13_avgrate_4_GPUnum32_mesh_size4_idx4_temporal_stats.json"
  },
  "llm-13": {
    "model_name": "/mnt/afs/share/LLMCKPTs/huggyllama/llama-7b",
    "mps": [
      100,
      90
    ],
    "first_token_latency": 0.5660416174168875,
    "output_per_token_latency": 0.1675062149950922,
    "request_num": 168,
    "throughput": 2.0462171369227913,
    "tokens_throughput": 574.633799421907,
    "prefill_avg_batches": 1.6633663366336633,
    "prefill_batch_times": 101,
    "decoding_avg_batches": 31.52924791086351,
    "decoding_batch_times": 718,
    "p99[avg_latency]": 62.5739904974659,
    "p95[avg_latency]": 46.33711289967691,
    "p90[avg_latency]": 38.34458848072031,
    "p99[TTFT]": 2.283009173198604,
    "p95[TTFT]": 2.083450104245916,
    "p90[TTFT]": 1.5891736207604408,
    "p99[TPOT]": 0.46515563043817465,
    "p95[TPOT]": 0.32370475676132304,
    "p90[TPOT]": 0.25210425732384345,
    "origin_file": "/mnt/afs/lurunyu/data/requests_over_time_models_days_from_day55_to_day55_condense800_N17_maxrate_13_avgrate_4_placement_requests_over_time_models_days_from_day55_to_day55_condense800_N17_maxrate_13_avgrate_4_GPUnum32_mesh_size4_idx3_temporal_stats.json"
  },
  "llm-14": {
    "model_name": "/LLMCKPTs/huggyllama/llama-65b",
    "mps": [
      100,
      90
    ],
    "first_token_latency": 46.713086743178216,
    "output_per_token_latency": 0.27487351074492056,
    "request_num": 75,
    "throughput": 0.32830510349385755,
    "tokens_throughput": 117.84402254877519,
    "prefill_avg_batches": 1.4150943396226414,
    "prefill_batch_times": 53,
    "decoding_avg_batches": 14.962779156327544,
    "decoding_batch_times": 1209,
    "p99[avg_latency]": 177.8811097652275,
    "p95[avg_latency]": 174.39655369001628,
    "p90[avg_latency]": 164.8550708082654,
    "p99[TTFT]": 109.27821761988886,
    "p95[TTFT]": 106.66637167983316,
    "p90[TTFT]": 104.16524661030249,
    "p99[TPOT]": 0.6915893040131779,
    "p95[TPOT]": 0.6277556784409919,
    "p90[TPOT]": 0.5042110909566568,
    "origin_file": "/mnt/afs/lurunyu/data/requests_over_time_models_days_from_day55_to_day55_condense800_N17_maxrate_13_avgrate_4_placement_requests_over_time_models_days_from_day55_to_day55_condense800_N17_maxrate_13_avgrate_4_GPUnum32_mesh_size8_idx0_temporal_stats.json"
  },
  "llm-15": {
    "model_name": "/LLMCKPTs/huggyllama/llama-7b",
    "mps": [
      100,
      90
    ],
    "first_token_latency": 1.6198231659713203,
    "output_per_token_latency": 0.25148626078619724,
    "request_num": 272,
    "throughput": 2.0792608707941986,
    "tokens_throughput": 599.8361838583793,
    "prefill_avg_batches": 2.141732283464567,
    "prefill_batch_times": 127,
    "decoding_avg_batches": 55.19651741293532,
    "decoding_batch_times": 804,
    "p99[avg_latency]": 92.21014981273399,
    "p95[avg_latency]": 84.15655457682254,
    "p90[avg_latency]": 71.88287114597298,
    "p99[TTFT]": 6.370924770443329,
    "p95[TTFT]": 5.371085895389316,
    "p90[TTFT]": 4.324245387110863,
    "p99[TPOT]": 1.2603700327491012,
    "p95[TPOT]": 0.5775634711745248,
    "p90[TPOT]": 0.38513078863312306,
    "origin_file": "/mnt/afs/lurunyu/data/requests_over_time_models_days_from_day55_to_day55_condense800_N17_maxrate_13_avgrate_4_placement_requests_over_time_models_days_from_day55_to_day55_condense800_N17_maxrate_13_avgrate_4_GPUnum32_mesh_size4_idx6_temporal_stats.json"
  },
  "llm-16": {
    "model_name": "/LLMCKPTs/huggyllama/llama-65b",
    "mps": [
      100,
      90
    ],
    "first_token_latency": 1.1701473872320212,
    "output_per_token_latency": 0.19381159962485833,
    "request_num": 116,
    "throughput": 1.1525849033327187,