{
  "llm-1": {
    "model_name": "/mnt/afs/share/LLMCKPTs/huggyllama/llama-13b",
    "mps": [
      90,
      60
    ],
    "first_token_latency": 1.3829858677320215,
    "output_per_token_latency": 0.13252714385255257,
    "request_num": 702,
    "throughput": 12.476119043814892,
    "tokens_throughput": 4789.745605614558,
    "prefill_avg_batches": 18.0,
    "prefill_batch_times": 39,
    "decoding_avg_batches": 380.9155172413793,
    "decoding_batch_times": 580,
    "p99[avg_latency]": 53.11569032269806,
    "p95[avg_latency]": 46.617559027855265,
    "p90[avg_latency]": 43.94863986133746,
    "p99[TTFT]": 7.815443422653861,
    "p95[TTFT]": 5.788231572898661,
    "p90[TTFT]": 2.330980739047751,
    "p99[TPOT]": 0.8088282258487919,
    "p95[TPOT]": 0.2679974332678175,
    "p90[TPOT]": 0.17057472537568005,
    "origin_file": "/mnt/afs/lurunyu/data/requests_over_time_models_days_from_day55_to_day55_condense2000_N17_maxrate_32_avgrate_11_placement_requests_over_time_models_days_from_day55_to_day55_condense2000_N17_maxrate_32_avgrate_11_GPUnum32_mesh_size8_idx0_stats.json"
  },
  "llm-10": {
    "model_name": "/mnt/afs/share/LLMCKPTs/huggyllama/llama-65b",
    "mps": [
      100,
      70
    ],
    "first_token_latency": 2.0912903976478234,
    "output_per_token_latency": 0.1603933394557474,
    "request_num": 68,
    "throughput": 0.9896756558213784,
    "tokens_throughput": 325.66150698028184,
    "prefill_avg_batches": 5.230769230769231,
    "prefill_batch_times": 13,
    "decoding_avg_batches": 19.97319587628866,
    "decoding_batch_times": 970,
    "p99[avg_latency]": 59.2399450549874,
    "p95[avg_latency]": 54.22628191711474,
    "p90[avg_latency]": 50.57404660651424,
    "p99[TTFT]": 5.128703073632494,
    "p95[TTFT]": 4.70904694722984,
    "p90[TTFT]": 4.34846831151843,
    "p99[TPOT]": 0.66706922639627,
    "p95[TPOT]": 0.4411460776925432,
    "p90[TPOT]": 0.3056518390067844,
    "origin_file": "/mnt/afs/lurunyu/data/requests_over_time_models_days_from_day55_to_day55_condense2000_N17_maxrate_32_avgrate_11_placement_requests_over_time_models_days_from_day55_to_day55_condense2000_N17_maxrate_32_avgrate_11_GPUnum32_mesh_size4_idx2_stats.json"
  },
  "llm-11": {
    "model_name": "/mnt/afs/share/LLMCKPTs/huggyllama/llama-30b",
    "mps": [
      100,
      90
    ],
    "first_token_latency": 33.16990886401464,
    "output_per_token_latency": 0.15860196933577816,
    "request_num": 533,
    "throughput": 4.179361296354859,
    "tokens_throughput": 1851.3864834565586,
    "prefill_avg_batches": 11.823863636363637,
    "prefill_batch_times": 176,
    "decoding_avg_batches": 165.89556135770235,
    "decoding_batch_times": 1149,
    "p99[avg_latency]": 109.22636349439904,
    "p95[avg_latency]": 104.88459304205104,
    "p90[avg_latency]": 102.93237757295147,
    "p99[TTFT]": 70.63727329155147,
    "p95[TTFT]": 69.83850739064515,
    "p90[TTFT]": 66.60501395983846,
    "p99[TPOT]": 0.7037455646650704,
    "p95[TPOT]": 0.3316824136661095,
    "p90[TPOT]": 0.21099683078979187,
    "origin_file": "/mnt/afs/lurunyu/data/requests_over_time_models_days_from_day55_to_day55_condense2000_N17_maxrate_32_avgrate_11_placement_requests_over_time_models_days_from_day55_to_day55_condense2000_N17_maxrate_32_avgrate_11_GPUnum32_mesh_size4_idx1_stats.json"
  },
  "llm-12": {
    "model_name": "/mnt/afs/share/LLMCKPTs/huggyllama/llama-13b",
    "mps": [
      90,
      60
    ],
    "first_token_latency": 1.5772858671407712,
    "output_per_token_latency": 0.24486886353980158,
    "request_num": 163,
    "throughput": 3.0626126559130946,
    "tokens_throughput": 943.3786431947274,
    "prefill_avg_batches": 5.258064516129032,
    "prefill_batch_times": 31,
    "decoding_avg_batches": 24.97733217088056,
    "decoding_batch_times": 1147,
    "p99[avg_latency]": 39.37525982197871,
    "p95[avg_latency]": 33.406133174619455,
    "p90[avg_latency]": 30.844624834653004,
    "p99[TTFT]": 4.445306026326939,
    "p95[TTFT]": 4.010472614565864,
    "p90[TTFT]": 3.7273750560306014,
    "p99[TPOT]": 1.5627093473859124,
    "p95[TPOT]": 0.8889574783730015,
    "p90[TPOT]": 0.5654350038953043,
    "origin_file": "/mnt/afs/lurunyu/data/requests_over_time_models_days_from_day55_to_day55_condense2000_N17_maxrate_32_avgrate_11_placement_requests_over_time_models_days_from_day55_to_day55_condense2000_N17_maxrate_32_avgrate_11_GPUnum32_mesh_size4_idx4_stats.json"
  },
  "llm-13": {
    "model_name": "/mnt/afs/share/LLMCKPTs/huggyllama/llama-7b",
    "mps": [
      80,
      30
    ],
    "first_token_latency": 1.1188941249273097,
    "output_per_token_latency": 0.051341875478977096,
    "request_num": 168,
    "throughput": 5.274096299746176,
    "tokens_throughput": 1481.1106507483623,
    "prefill_avg_batches": 2.8,
    "prefill_batch_times": 60,
    "decoding_avg_batches": 27.81081081081081,
    "decoding_batch_times": 814,
    "p99[avg_latency]": 21.299265388215037,
    "p95[avg_latency]": 15.924884677701636,
    "p90[avg_latency]": 12.281616107239575,
    "p99[TTFT]": 3.9167188999904723,
    "p95[TTFT]": 3.3243817747158935,
    "p90[TTFT]": 2.345075119930135,
    "p99[TPOT]": 0.22851379020708718,
    "p95[TPOT]": 0.11089106870555857,
    "p90[TPOT]": 0.07995660602632501,
    "origin_file": "/mnt/afs/lurunyu/data/requests_over_time_models_days_from_day55_to_day55_condense2000_N17_maxrate_32_avgrate_11_placement_requests_over_time_models_days_from_day55_to_day55_condense2000_N17_maxrate_32_avgrate_11_GPUnum32_mesh_size2_idx7_stats.json"
  },
  "llm-14": {
    "model_name": "/mnt/afs/share/LLMCKPTs/huggyllama/llama-65b",
    "mps": [
      100,
      60
    ],
    "first_token_latency": 1.942300209065428,
    "output_per_token_latency": 0.23329252081890758,
    "request_num": 75,
    "throughput": 1.172266095537396,
    "tokens_throughput": 420.78100743949653,
    "prefill_avg_batches": 3.0,
    "prefill_batch_times": 25,
    "decoding_avg_batches": 28.714285714285715,
    "decoding_batch_times": 630,
    "p99[avg_latency]": 58.54844548804871,
    "p95[avg_latency]": 53.439915062145886,
    "p90[avg_latency]": 48.00708482326642,
    "p99[TTFT]": 8.676608154001388,
    "p95[TTFT]": 7.521120238225908,
    "p90[TTFT]": 6.698914711529765,
    "p99[TPOT]": 0.7406721762061566,
    "p95[TPOT]": 0.5834074190568086,
    "p90[TPOT]": 0.5513880924464991,
    "origin_file": "/mnt/afs/lurunyu/data/requests_over_time_models_days_from_day55_to_day55_condense2000_N17_maxrate_32_avgrate_11_placement_requests_over_time_models_days_from_day55_to_day55_condense2000_N17_maxrate_32_avgrate_11_GPUnum32_mesh_size8_idx0_stats.json"
  },
  "llm-15": {
    "model_name": "/mnt/afs/share/LLMCKPTs/huggyllama/llama-7b",
    "mps": [
      80,
      90
    ],
    "first_token_latency": 1.3459719866660753,
    "output_per_token_latency": 0.1806564615034846,
    "request_num": 272,
    "throughput": 6.586816728554647,
    "tokens_throughput": 1900.1997612361251,
    "prefill_avg_batches": 5.037037037037037,
    "prefill_batch_times": 54,
    "decoding_avg_batches": 55.19651741293532,
    "decoding_batch_times": 804,
    "p99[avg_latency]": 32.94586439445145,
    "p95[avg_latency]": 31.13547621907629,
    "p90[avg_latency]": 27.798708508301527,
    "p99[TTFT]": 4.155575584614873,
    "p95[TTFT]": 3.3756660668978467,
    "p90[TTFT]": 3.159820957031474,
    "p99[TPOT]": 1.1534488818053328,
    "p95[TPOT]": 0.5656112682165646,
    "p90[TPOT]": 0.39824839985792476,
    "origin_file": "/mnt/afs/lurunyu/data/requests_over_time_models_days_from_day55_to_day55_condense2000_N17_maxrate_32_avgrate_11_placement_requests_over_time_models_days_from_day55_to_day55_condense2000_N17_maxrate_32_avgrate_11_GPUnum32_mesh_size2_idx6_stats.json"
  },
  "llm-16": {
    "model_name": "/mnt/afs/share/LLMCKPTs/huggyllama/llama-65b",
    "mps": [
      100,
      90
    ],
    "first_token_latency": 1.7002242551447888,
    "output_per_token_latency": 0.18695043111578663,
    "request_num": 116,
    "throughput": 2.0784946025648723,