{
  "llm-1": {
    "model_name": "/LLMCKPTs/huggyllama/llama-13b",
    "mps": [
      100,
      90
    ],
    "first_token_latency": 20.45282001456268,
    "output_per_token_latency": 0.120345957251336,
    "request_num": 702,
    "throughput": 4.968700234548493,
    "tokens_throughput": 1907.5491369123372,
    "prefill_avg_batches": 1.8233766233766233,
    "prefill_batch_times": 385,
    "decoding_avg_batches": 163.65259259259258,
    "decoding_batch_times": 1350,
    "p99[avg_latency]": 84.23018498389426,
    "p95[avg_latency]": 81.64561264196243,
    "p90[avg_latency]": 78.37997303004077,
    "p99[TTFT]": 45.70842887427491,
    "p95[TTFT]": 44.46588765181415,
    "p90[TTFT]": 42.60157415758855,
    "p99[TPOT]": 0.2993144843896768,
    "p95[TPOT]": 0.14883013515489235,
    "p90[TPOT]": 0.14099253616064888,
    "origin_file": "/mnt/afs/lurunyu/data/requests_over_time_models_days_from_day55_to_day55_condense500_N17_maxrate_8_avgrate_2_placement_requests_over_time_models_days_from_day55_to_day55_condense500_N17_maxrate_8_avgrate_2_GPUnum32_mesh_size2_idx4_temporal_stats.json"
  },
  "llm-10": {
    "model_name": "/mnt/afs/share/LLMCKPTs/huggyllama/llama-65b",
    "mps": [
      100,
      90
    ],
    "first_token_latency": 0.2734137935038544,
    "output_per_token_latency": 0.09679725550743601,
    "request_num": 68,
    "throughput": 0.5258484200383997,
    "tokens_throughput": 173.03506245263577,
    "prefill_avg_batches": 1.0461538461538462,
    "prefill_batch_times": 65,
    "decoding_avg_batches": 12.68762278978389,
    "decoding_batch_times": 1527,
    "p99[avg_latency]": 77.152044062751,
    "p95[avg_latency]": 65.8370302043939,
    "p90[avg_latency]": 62.077037369552635,
    "p99[TTFT]": 1.8647896934425086,
    "p95[TTFT]": 1.1815069723991671,
    "p90[TTFT]": 0.7772380613204101,
    "p99[TPOT]": 0.2879513913667735,
    "p95[TPOT]": 0.16128781670982228,
    "p90[TPOT]": 0.14059460166540425,
    "origin_file": "/mnt/afs/lurunyu/data/requests_over_time_models_days_from_day55_to_day55_condense500_N17_maxrate_8_avgrate_2_placement_requests_over_time_models_days_from_day55_to_day55_condense500_N17_maxrate_8_avgrate_2_GPUnum32_mesh_size4_idx2_temporal_stats.json"
  },
  "llm-11": {
    "model_name": "/mnt/afs/share/LLMCKPTs/huggyllama/llama-30b",
    "mps": [
      100,
      90
    ],
    "first_token_latency": 26.90631999008615,
    "output_per_token_latency": 0.1663988101324388,
    "request_num": 533,
    "throughput": 3.0880011304647352,
    "tokens_throughput": 1367.9323581876708,
    "prefill_avg_batches": 5.437317784256559,
    "prefill_batch_times": 343,
    "decoding_avg_batches": 142.61775771256583,
    "decoding_batch_times": 1329,
    "p99[avg_latency]": 126.69314627806436,
    "p95[avg_latency]": 116.4406442483738,
    "p90[avg_latency]": 110.87973165784628,
    "p99[TTFT]": 53.253211663191465,
    "p95[TTFT]": 51.87146736575588,
    "p90[TTFT]": 50.78605015795678,
    "p99[TPOT]": 0.8649017534427504,
    "p95[TPOT]": 0.2500890067914641,
    "p90[TPOT]": 0.1945525951882413,
    "origin_file": "/mnt/afs/lurunyu/data/requests_over_time_models_days_from_day55_to_day55_condense500_N17_maxrate_8_avgrate_2_placement_requests_over_time_models_days_from_day55_to_day55_condense500_N17_maxrate_8_avgrate_2_GPUnum32_mesh_size4_idx1_temporal_stats.json"
  },
  "llm-12": {
    "model_name": "/LLMCKPTs/huggyllama/llama-13b",
    "mps": [
      100,
      90
    ],
    "first_token_latency": 0.295214596455608,
    "output_per_token_latency": 0.14982875129517848,
    "request_num": 163,
    "throughput": 1.2325187499803651,
    "tokens_throughput": 379.6535823175715,
    "prefill_avg_batches": 1.3360655737704918,
    "prefill_batch_times": 122,
    "decoding_avg_batches": 18.10935524652339,
    "decoding_batch_times": 1582,
    "p99[avg_latency]": 81.63375487878118,
    "p95[avg_latency]": 57.0332026985541,
    "p90[avg_latency]": 49.54237160613314,
    "p99[TTFT]": 1.9523666086611113,
    "p95[TTFT]": 1.159270639453456,
    "p90[TTFT]": 0.8748346691124144,
    "p99[TPOT]": 0.7961399571799923,
    "p95[TPOT]": 0.4077586687016366,
    "p90[TPOT]": 0.2706644063163662,
    "origin_file": "/mnt/afs/lurunyu/data/requests_over_time_models_days_from_day55_to_day55_condense500_N17_maxrate_8_avgrate_2_placement_requests_over_time_models_days_from_day55_to_day55_condense500_N17_maxrate_8_avgrate_2_GPUnum32_mesh_size2_idx9_temporal_stats.json"
  },
  "llm-13": {
    "model_name": "/LLMCKPTs/huggyllama/llama-7b",
    "mps": [
      100,
      90
    ],
    "first_token_latency": 0.10340098979809742,
    "output_per_token_latency": 0.02024153365622654,
    "request_num": 168,
    "throughput": 1.832481279457763,
    "tokens_throughput": 514.6109183543916,
    "prefill_avg_batches": 1.070063694267516,
    "prefill_batch_times": 157,
    "decoding_avg_batches": 4.950360813470369,
    "decoding_batch_times": 4573,
    "p99[avg_latency]": 10.673437720706884,
    "p95[avg_latency]": 7.199509917115611,
    "p90[avg_latency]": 6.004831644023583,
    "p99[TTFT]": 0.9463286358074106,
    "p95[TTFT]": 0.6977165123049174,
    "p90[TTFT]": 0.10654335746988815,
    "p99[TPOT]": 0.03813859063656728,
    "p95[TPOT]": 0.029670792753537494,
    "p90[TPOT]": 0.02292388256294675,
    "origin_file": "/mnt/afs/lurunyu/data/requests_over_time_models_days_from_day55_to_day55_condense500_N17_maxrate_8_avgrate_2_placement_requests_over_time_models_days_from_day55_to_day55_condense500_N17_maxrate_8_avgrate_2_GPUnum32_mesh_size2_idx5_temporal_stats.json"
  },
  "llm-14": {
    "model_name": "/LLMCKPTs/huggyllama/llama-65b",
    "mps": [
      100,
      90
    ],
    "first_token_latency": 0.4082785393204296,
    "output_per_token_latency": 0.2850840130271479,
    "request_num": 75,
    "throughput": 0.4652309048182106,
    "tokens_throughput": 166.99308251481398,
    "prefill_avg_batches": 1.1904761904761905,
    "prefill_batch_times": 63,
    "decoding_avg_batches": 21.953883495145632,
    "decoding_batch_times": 824,
    "p99[avg_latency]": 126.79864298476652,
    "p95[avg_latency]": 111.3090394502826,
    "p90[avg_latency]": 96.15645657526031,
    "p99[TTFT]": 1.7251350181520055,
    "p95[TTFT]": 1.1747492764033378,
    "p90[TTFT]": 1.0138938402213156,
    "p99[TPOT]": 0.5393622456589605,
    "p95[TPOT]": 0.50012233106319,
    "p90[TPOT]": 0.4611518774503986,
    "origin_file": "/mnt/afs/lurunyu/data/requests_over_time_models_days_from_day55_to_day55_condense500_N17_maxrate_8_avgrate_2_placement_requests_over_time_models_days_from_day55_to_day55_condense500_N17_maxrate_8_avgrate_2_GPUnum32_mesh_size8_idx0_temporal_stats.json"
  },
  "llm-15": {
    "model_name": "/LLMCKPTs/huggyllama/llama-7b",
    "mps": [
      100,
      90
    ],
    "first_token_latency": 0.0908058737306035,
    "output_per_token_latency": 0.02171520428815614,
    "request_num": 272,
    "throughput": 2.9468054719113335,
    "tokens_throughput": 850.1100432718328,
    "prefill_avg_batches": 1.0793650793650793,
    "prefill_batch_times": 252,
    "decoding_avg_batches": 10.218282293345613,
    "decoding_batch_times": 4343,
    "p99[avg_latency]": 12.798128799642157,
    "p95[avg_latency]": 10.318213689143581,
    "p90[avg_latency]": 9.120358141037077,
    "p99[TTFT]": 1.106050168854075,
    "p95[TTFT]": 0.39778681675251626,
    "p90[TTFT]": 0.13143622420728202,
    "p99[TPOT]": 0.05005328431052435,
    "p95[TPOT]": 0.03328348413009995,
    "p90[TPOT]": 0.02710280319688292,
    "origin_file": "/mnt/afs/lurunyu/data/requests_over_time_models_days_from_day55_to_day55_condense500_N17_maxrate_8_avgrate_2_placement_requests_over_time_models_days_from_day55_to_day55_condense500_N17_maxrate_8_avgrate_2_GPUnum32_mesh_size2_idx7_temporal_stats.json"
  },
  "llm-16": {
    "model_name": "/LLMCKPTs/huggyllama/llama-65b",
    "mps": [
      100,
      90
    ],
    "first_token_latency": 0.42083272106438124,
    "output_per_token_latency": 0.2657533456506501,
    "request_num": 116,
    "throughput": 0.7395563193909799,