{
  "llm-1": {
    "model_name": "/LLMCKPTs/huggyllama/llama-13b",
    "mps": [
      100,
      90
    ],
    "first_token_latency": 27.814977856193828,
    "output_per_token_latency": 0.07328813440365638,
    "request_num": 702,
    "throughput": 5.685566294569115,
    "tokens_throughput": 2182.763412180112,
    "prefill_avg_batches": 1.5327510917030567,
    "prefill_batch_times": 458,
    "decoding_avg_batches": 120.33278867102396,
    "decoding_batch_times": 1836,
    "p99[avg_latency]": 82.33147568818052,
    "p95[avg_latency]": 79.06305702803283,
    "p90[avg_latency]": 76.2183829566147,
    "p99[TTFT]": 56.0768946624225,
    "p95[TTFT]": 54.936786261330354,
    "p90[TTFT]": 52.60645374784991,
    "p99[TPOT]": 0.1219399517232179,
    "p95[TPOT]": 0.08056435392566828,
    "p90[TPOT]": 0.0796992115261289,
    "origin_file": "/mnt/afs/lurunyu/data/requests_over_time_models_days_from_day55_to_day55_condense800_N17_maxrate_13_avgrate_4_placement_requests_over_time_models_days_from_day55_to_day55_condense800_N17_maxrate_13_avgrate_4_GPUnum32_mesh_size1_idx0_spatial_stats.json"
  },
  "llm-10": {
    "model_name": "/LLMCKPTs/huggyllama/llama-65b",
    "mps": [
      100,
      90
    ],
    "first_token_latency": 0.2387067534185618,
    "output_per_token_latency": 0.05548556172174305,
    "request_num": 68,
    "throughput": 0.7813273513711037,
    "tokens_throughput": 257.10265903352666,
    "prefill_avg_batches": 1.0793650793650793,
    "prefill_batch_times": 63,
    "decoding_avg_batches": 11.922461538461539,
    "decoding_batch_times": 1625,
    "p99[avg_latency]": 45.49772074978761,
    "p95[avg_latency]": 42.804771086541,
    "p90[avg_latency]": 38.27018788990938,
    "p99[TTFT]": 1.8828749142166226,
    "p95[TTFT]": 1.0288724676370617,
    "p90[TTFT]": 0.7743852762114269,
    "p99[TPOT]": 0.13094887921860976,
    "p95[TPOT]": 0.08542211074448908,
    "p90[TPOT]": 0.0707802560844545,
    "origin_file": "/mnt/afs/lurunyu/data/requests_over_time_models_days_from_day55_to_day55_condense800_N17_maxrate_13_avgrate_4_placement_requests_over_time_models_days_from_day55_to_day55_condense800_N17_maxrate_13_avgrate_4_GPUnum32_mesh_size4_idx9_spatial_stats.json"
  },
  "llm-11": {
    "model_name": "/LLMCKPTs/huggyllama/llama-30b",
    "mps": [
      100,
      90
    ],
    "first_token_latency": 53.380524149896374,
    "output_per_token_latency": 0.10399774608180701,
    "request_num": 533,
    "throughput": 2.70832042364612,
    "tokens_throughput": 1199.7402161859013,
    "prefill_avg_batches": 6.788617886178862,
    "prefill_batch_times": 369,
    "decoding_avg_batches": 92.18138424821002,
    "decoding_batch_times": 2095,
    "p99[avg_latency]": 147.4769162312969,
    "p95[avg_latency]": 141.47206784063948,
    "p90[avg_latency]": 137.35989164188877,
    "p99[TTFT]": 108.24200963410586,
    "p95[TTFT]": 105.97040842242166,
    "p90[TTFT]": 101.40420016201213,
    "p99[TPOT]": 0.3328803338469423,
    "p95[TPOT]": 0.11888136917237367,
    "p90[TPOT]": 0.10767613686210689,
    "origin_file": "/mnt/afs/lurunyu/data/requests_over_time_models_days_from_day55_to_day55_condense800_N17_maxrate_13_avgrate_4_placement_requests_over_time_models_days_from_day55_to_day55_condense800_N17_maxrate_13_avgrate_4_GPUnum32_mesh_size2_idx10_spatial_stats.json"
  },
  "llm-12": {
    "model_name": "/LLMCKPTs/huggyllama/llama-13b",
    "mps": [
      100,
      90
    ],
    "first_token_latency": 0.24880602306840607,
    "output_per_token_latency": 0.03634527241863697,
    "request_num": 163,
    "throughput": 2.2578508496606973,
    "tokens_throughput": 695.487320924012,
    "prefill_avg_batches": 1.2936507936507937,
    "prefill_batch_times": 126,
    "decoding_avg_batches": 10.951452599388379,
    "decoding_batch_times": 2616,
    "p99[avg_latency]": 25.54231213002316,
    "p95[avg_latency]": 15.643278023373336,
    "p90[avg_latency]": 13.658125123504558,
    "p99[TTFT]": 2.5610345511414097,
    "p95[TTFT]": 1.2305159519426534,
    "p90[TTFT]": 0.6302657741457219,
    "p99[TPOT]": 0.19148811662626083,
    "p95[TPOT]": 0.10148052022476266,
    "p90[TPOT]": 0.04642582804732223,
    "origin_file": "/mnt/afs/lurunyu/data/requests_over_time_models_days_from_day55_to_day55_condense800_N17_maxrate_13_avgrate_4_placement_requests_over_time_models_days_from_day55_to_day55_condense800_N17_maxrate_13_avgrate_4_GPUnum32_mesh_size2_idx11_spatial_stats.json"
  },
  "llm-13": {
    "model_name": "/LLMCKPTs/huggyllama/llama-7b",
    "mps": [
      100,
      90
    ],
    "first_token_latency": 0.18347493300890724,
    "output_per_token_latency": 0.01717477557462502,
    "request_num": 168,
    "throughput": 2.8922074945795693,
    "tokens_throughput": 812.2110558736279,
    "prefill_avg_batches": 1.0980392156862746,
    "prefill_batch_times": 153,
    "decoding_avg_batches": 6.83308179897374,
    "decoding_batch_times": 3313,
    "p99[avg_latency]": 10.815029385199427,
    "p95[avg_latency]": 7.140476419866087,
    "p90[avg_latency]": 5.034022040916609,
    "p99[TTFT]": 2.2170775065455586,
    "p95[TTFT]": 1.4330657314872377,
    "p90[TTFT]": 0.2990845129527156,
    "p99[TPOT]": 0.041958381775025186,
    "p95[TPOT]": 0.025837500004768935,
    "p90[TPOT]": 0.01937790849822751,
    "origin_file": "/mnt/afs/lurunyu/data/requests_over_time_models_days_from_day55_to_day55_condense800_N17_maxrate_13_avgrate_4_placement_requests_over_time_models_days_from_day55_to_day55_condense800_N17_maxrate_13_avgrate_4_GPUnum32_mesh_size1_idx12_spatial_stats.json"
  },
  "llm-14": {
    "model_name": "/LLMCKPTs/huggyllama/llama-65b",
    "mps": [
      100,
      90
    ],
    "first_token_latency": 0.33547971703459806,
    "output_per_token_latency": 0.06642937250308731,
    "request_num": 75,
    "throughput": 0.9327692118002262,
    "tokens_throughput": 334.8143993449852,
    "prefill_avg_batches": 1.1194029850746268,
    "prefill_batch_times": 67,
    "decoding_avg_batches": 13.291697281410727,
    "decoding_batch_times": 1361,
    "p99[avg_latency]": 37.25841457106173,
    "p95[avg_latency]": 34.27609442044981,
    "p90[avg_latency]": 30.80348124728352,
    "p99[TTFT]": 1.6583917502164824,
    "p95[TTFT]": 1.4430433487500993,
    "p90[TTFT]": 0.9777339802309875,
    "p99[TPOT]": 0.12188124999294407,
    "p95[TPOT]": 0.09792030002882486,
    "p90[TPOT]": 0.08778147017293643,
    "origin_file": "/mnt/afs/lurunyu/data/requests_over_time_models_days_from_day55_to_day55_condense800_N17_maxrate_13_avgrate_4_placement_requests_over_time_models_days_from_day55_to_day55_condense800_N17_maxrate_13_avgrate_4_GPUnum32_mesh_size4_idx13_spatial_stats.json"
  },
  "llm-15": {
    "model_name": "/LLMCKPTs/huggyllama/llama-7b",
    "mps": [
      100,
      90
    ],
    "first_token_latency": 0.125542207592619,
    "output_per_token_latency": 0.02252301124867335,
    "request_num": 272,
    "throughput": 4.5393197097768905,
    "tokens_throughput": 1309.5269815690185,
    "prefill_avg_batches": 1.167381974248927,
    "prefill_batch_times": 233,
    "decoding_avg_batches": 15.500523925951798,
    "decoding_batch_times": 2863,
    "p99[avg_latency]": 11.518432180953797,
    "p95[avg_latency]": 9.911767647295257,
    "p90[avg_latency]": 8.80535945166461,
    "p99[TTFT]": 1.0217062034258624,
    "p95[TTFT]": 0.7759711625874043,
    "p90[TTFT]": 0.4440476330928505,
    "p99[TPOT]": 0.060479991884224434,
    "p95[TPOT]": 0.042294696389901,
    "p90[TPOT]": 0.03271521750918974,
    "origin_file": "/mnt/afs/lurunyu/data/requests_over_time_models_days_from_day55_to_day55_condense800_N17_maxrate_13_avgrate_4_placement_requests_over_time_models_days_from_day55_to_day55_condense800_N17_maxrate_13_avgrate_4_GPUnum32_mesh_size1_idx14_spatial_stats.json"
  },
  "llm-16": {
    "model_name": "/LLMCKPTs/huggyllama/llama-65b",
    "mps": [
      100,
      90
    ],
    "first_token_latency": 0.3714268678725407,
    "output_per_token_latency": 0.07640945481223387,
    "request_num": 116,
    "throughput": 1.510415701278322,