{
  "llm-1": {
    "model_name": "/LLMCKPTs/huggyllama/llama-13b",
    "mps": [
      100,
      90
    ],
    "first_token_latency": 36.064850339616974,
    "output_per_token_latency": 0.07273381762643767,
    "request_num": 702,
    "throughput": 5.799811107621891,
    "tokens_throughput": 2226.6234931365425,
    "prefill_avg_batches": 1.56,
    "prefill_batch_times": 450,
    "decoding_avg_batches": 120.52973267866885,
    "decoding_batch_times": 1833,
    "p99[avg_latency]": 98.44273562898915,
    "p95[avg_latency]": 95.12340029606783,
    "p90[avg_latency]": 91.95335097133741,
    "p99[TTFT]": 74.45517639675643,
    "p95[TTFT]": 74.13204566024802,
    "p90[TTFT]": 72.55816263604723,
    "p99[TPOT]": 0.10164637001663722,
    "p95[TPOT]": 0.07865010976859227,
    "p90[TPOT]": 0.0772249318156538,
    "origin_file": "/mnt/afs/lurunyu/data/requests_over_time_models_days_from_day55_to_day55_condense1600_N17_maxrate_26_avgrate_8_placement_requests_over_time_models_days_from_day55_to_day55_condense1600_N17_maxrate_26_avgrate_8_GPUnum32_mesh_size1_idx0_spatial_stats.json"
  },
  "llm-10": {
    "model_name": "/LLMCKPTs/huggyllama/llama-65b",
    "mps": [
      100,
      90
    ],
    "first_token_latency": 0.2759139531650855,
    "output_per_token_latency": 0.08441950247268012,
    "request_num": 68,
    "throughput": 1.0232574207625562,
    "tokens_throughput": 336.71188304386703,
    "prefill_avg_batches": 1.2142857142857142,
    "prefill_batch_times": 56,
    "decoding_avg_batches": 18.50429799426934,
    "decoding_batch_times": 1047,
    "p99[avg_latency]": 52.772539790277186,
    "p95[avg_latency]": 48.34154383334796,
    "p90[avg_latency]": 44.48679339677282,
    "p99[TTFT]": 1.3487133467471208,
    "p95[TTFT]": 0.9287798347985371,
    "p90[TTFT]": 0.6715200327541684,
    "p99[TPOT]": 0.18140111155241237,
    "p95[TPOT]": 0.14711641539805428,
    "p90[TPOT]": 0.1307475343748758,
    "origin_file": "/mnt/afs/lurunyu/data/requests_over_time_models_days_from_day55_to_day55_condense1600_N17_maxrate_26_avgrate_8_placement_requests_over_time_models_days_from_day55_to_day55_condense1600_N17_maxrate_26_avgrate_8_GPUnum32_mesh_size4_idx9_spatial_stats.json"
  },
  "llm-11": {
    "model_name": "/LLMCKPTs/huggyllama/llama-30b",
    "mps": [
      100,
      90
    ],
    "first_token_latency": 59.0886273210553,
    "output_per_token_latency": 0.09877801170567198,
    "request_num": 533,
    "throughput": 2.8194051497087753,
    "tokens_throughput": 1248.948874104576,
    "prefill_avg_batches": 6.807065217391305,
    "prefill_batch_times": 368,
    "decoding_avg_batches": 92.18138424821002,
    "decoding_batch_times": 2095,
    "p99[avg_latency]": 162.78695879264995,
    "p95[avg_latency]": 156.21670289938896,
    "p90[avg_latency]": 151.35828469970076,
    "p99[TTFT]": 127.81821819971948,
    "p95[TTFT]": 123.23691847764701,
    "p90[TTFT]": 118.0122310967706,
    "p99[TPOT]": 0.2776283572716328,
    "p95[TPOT]": 0.10721568006882794,
    "p90[TPOT]": 0.10357935284950497,
    "origin_file": "/mnt/afs/lurunyu/data/requests_over_time_models_days_from_day55_to_day55_condense1600_N17_maxrate_26_avgrate_8_placement_requests_over_time_models_days_from_day55_to_day55_condense1600_N17_maxrate_26_avgrate_8_GPUnum32_mesh_size2_idx10_spatial_stats.json"
  },
  "llm-12": {
    "model_name": "/LLMCKPTs/huggyllama/llama-13b",
    "mps": [
      100,
      90
    ],
    "first_token_latency": 0.5791743850494318,
    "output_per_token_latency": 0.05814776231153827,
    "request_num": 163,
    "throughput": 3.229259134506049,
    "tokens_throughput": 994.7108704565289,
    "prefill_avg_batches": 1.8111111111111111,
    "prefill_batch_times": 90,
    "decoding_avg_batches": 20.507516105941303,
    "decoding_batch_times": 1397,
    "p99[avg_latency]": 30.461730165788147,
    "p95[avg_latency]": 22.650166024606673,
    "p90[avg_latency]": 19.96949728113041,
    "p99[TTFT]": 2.4440768646616466,
    "p95[TTFT]": 1.979123878043145,
    "p90[TTFT]": 1.706185714945198,
    "p99[TPOT]": 0.2894439975426273,
    "p95[TPOT]": 0.17102560892382737,
    "p90[TPOT]": 0.08410302267660603,
    "origin_file": "/mnt/afs/lurunyu/data/requests_over_time_models_days_from_day55_to_day55_condense1600_N17_maxrate_26_avgrate_8_placement_requests_over_time_models_days_from_day55_to_day55_condense1600_N17_maxrate_26_avgrate_8_GPUnum32_mesh_size2_idx11_spatial_stats.json"
  },
  "llm-13": {
    "model_name": "/LLMCKPTs/huggyllama/llama-7b",
    "mps": [
      100,
      90
    ],
    "first_token_latency": 0.5658301517380668,
    "output_per_token_latency": 0.030412131738070294,
    "request_num": 168,
    "throughput": 5.235963401976408,
    "tokens_throughput": 1470.4018889395531,
    "prefill_avg_batches": 1.3658536585365855,
    "prefill_batch_times": 123,
    "decoding_avg_batches": 17.603421461897355,
    "decoding_batch_times": 1286,
    "p99[avg_latency]": 15.873533574285759,
    "p95[avg_latency]": 10.516806397370994,
    "p90[avg_latency]": 7.802429286835717,
    "p99[TTFT]": 3.4960105224598204,
    "p95[TTFT]": 3.0867726458609104,
    "p90[TTFT]": 2.2363014916405084,
    "p99[TPOT]": 0.13809278098297215,
    "p95[TPOT]": 0.0722774645861155,
    "p90[TPOT]": 0.044411761936591895,
    "origin_file": "/mnt/afs/lurunyu/data/requests_over_time_models_days_from_day55_to_day55_condense1600_N17_maxrate_26_avgrate_8_placement_requests_over_time_models_days_from_day55_to_day55_condense1600_N17_maxrate_26_avgrate_8_GPUnum32_mesh_size1_idx12_spatial_stats.json"
  },
  "llm-14": {
    "model_name": "/LLMCKPTs/huggyllama/llama-65b",
    "mps": [
      100,
      90
    ],
    "first_token_latency": 0.8375350271244842,
    "output_per_token_latency": 0.1483015314323013,
    "request_num": 75,
    "throughput": 1.2526100117274912,
    "tokens_throughput": 449.6201883428772,
    "prefill_avg_batches": 1.7045454545454546,
    "prefill_batch_times": 44,
    "decoding_avg_batches": 26.87964338781575,
    "decoding_batch_times": 673,
    "p99[avg_latency]": 52.3762020138558,
    "p95[avg_latency]": 46.897499611360956,
    "p90[avg_latency]": 41.57433280356974,
    "p99[TTFT]": 2.6629009139761335,
    "p95[TTFT]": 2.483599935878068,
    "p90[TTFT]": 2.299596383240075,
    "p99[TPOT]": 0.45823553197587347,
    "p95[TPOT]": 0.32508134572551795,
    "p90[TPOT]": 0.25285027851168007,
    "origin_file": "/mnt/afs/lurunyu/data/requests_over_time_models_days_from_day55_to_day55_condense1600_N17_maxrate_26_avgrate_8_placement_requests_over_time_models_days_from_day55_to_day55_condense1600_N17_maxrate_26_avgrate_8_GPUnum32_mesh_size4_idx13_spatial_stats.json"
  },
  "llm-15": {
    "model_name": "/LLMCKPTs/huggyllama/llama-7b",
    "mps": [
      100,
      90
    ],
    "first_token_latency": 0.4587757653056863,
    "output_per_token_latency": 0.03588359602649255,
    "request_num": 272,
    "throughput": 7.673268573630297,
    "tokens_throughput": 2213.625141307434,
    "prefill_avg_batches": 1.5195530726256983,
    "prefill_batch_times": 179,
    "decoding_avg_batches": 38.19104991394148,
    "decoding_batch_times": 1162,
    "p99[avg_latency]": 18.24928609749995,
    "p95[avg_latency]": 16.15048098404985,
    "p90[avg_latency]": 12.614610012786466,
    "p99[TTFT]": 3.3901199868848546,
    "p95[TTFT]": 2.610578327754511,
    "p90[TTFT]": 1.5646180949024857,
    "p99[TPOT]": 0.10637449508901216,
    "p95[TPOT]": 0.0641274406708291,
    "p90[TPOT]": 0.04755609548476699,
    "origin_file": "/mnt/afs/lurunyu/data/requests_over_time_models_days_from_day55_to_day55_condense1600_N17_maxrate_26_avgrate_8_placement_requests_over_time_models_days_from_day55_to_day55_condense1600_N17_maxrate_26_avgrate_8_GPUnum32_mesh_size1_idx14_spatial_stats.json"
  },
  "llm-16": {
    "model_name": "/LLMCKPTs/huggyllama/llama-65b",
    "mps": [
      100,
      90
    ],
    "first_token_latency": 0.6766856042896237,
    "output_per_token_latency": 0.15135132609118648,
    "request_num": 116,
    "throughput": 1.9581203972979582,