{
  "llm-1": {
    "model_name": "/LLMCKPTs/huggyllama/llama-13b",
    "mps": [
      90,
      30
    ],
    "first_token_latency": 0.6321565598857581,
    "output_per_token_latency": 0.09953093565209863,
    "request_num": 702,
    "throughput": 13.255668324740443,
    "tokens_throughput": 5089.02479087724,
    "prefill_avg_batches": 4.105263157894737,
    "prefill_batch_times": 171,
    "decoding_avg_batches": 337.81498470948014,
    "decoding_batch_times": 654,
    "p99[avg_latency]": 45.89368258613404,
    "p95[avg_latency]": 41.862017448674884,
    "p90[avg_latency]": 40.03627132981643,
    "p99[TTFT]": 3.4096939327815567,
    "p95[TTFT]": 1.821619723065755,
    "p90[TTFT]": 1.5775201975181699,
    "p99[TPOT]": 0.22436215398383555,
    "p95[TPOT]": 0.17753953298515185,
    "p90[TPOT]": 0.14225530675586248,
    "origin_file": "/mnt/afs/lurunyu/data/requests_over_time_models_days_from_day55_to_day55_condense1600_N17_maxrate_26_avgrate_8_placement_requests_over_time_models_days_from_day55_to_day55_condense1600_N17_maxrate_26_avgrate_8_GPUnum32_mesh_size8_idx0_stats.json"
  },
  "llm-10": {
    "model_name": "/LLMCKPTs/huggyllama/llama-65b",
    "mps": [
      100,
      50
    ],
    "first_token_latency": 17.448617604691535,
    "output_per_token_latency": 0.08444720083110498,
    "request_num": 68,
    "throughput": 0.7258536698993091,
    "tokens_throughput": 238.84855467157266,
    "prefill_avg_batches": 1.9428571428571428,
    "prefill_batch_times": 35,
    "decoding_avg_batches": 13.00268456375839,
    "decoding_batch_times": 1490,
    "p99[avg_latency]": 66.82227240192182,
    "p95[avg_latency]": 61.23562819373235,
    "p90[avg_latency]": 59.05684706213512,
    "p99[TTFT]": 31.927866296237706,
    "p95[TTFT]": 31.364028980838135,
    "p90[TTFT]": 30.819907475046815,
    "p99[TPOT]": 0.3286740162017391,
    "p95[TPOT]": 0.26045560491968583,
    "p90[TPOT]": 0.1487688104081218,
    "origin_file": "/mnt/afs/lurunyu/data/requests_over_time_models_days_from_day55_to_day55_condense1600_N17_maxrate_26_avgrate_8_placement_requests_over_time_models_days_from_day55_to_day55_condense1600_N17_maxrate_26_avgrate_8_GPUnum32_mesh_size4_idx2_stats.json"
  },
  "llm-11": {
    "model_name": "/LLMCKPTs/huggyllama/llama-30b",
    "mps": [
      100,
      90
    ],
    "first_token_latency": 27.04196831134419,
    "output_per_token_latency": 0.1691466472185312,
    "request_num": 533,
    "throughput": 4.183302161977618,
    "tokens_throughput": 1853.1322203837437,
    "prefill_avg_batches": 11.202247191011235,
    "prefill_batch_times": 178,
    "decoding_avg_batches": 167.199649737303,
    "decoding_batch_times": 1142,
    "p99[avg_latency]": 106.21428887694029,
    "p95[avg_latency]": 100.99949577080459,
    "p90[avg_latency]": 98.50462317337096,
    "p99[TTFT]": 62.5293926260002,
    "p95[TTFT]": 61.28086202466487,
    "p90[TTFT]": 60.2270604609251,
    "p99[TPOT]": 0.785959554002618,
    "p95[TPOT]": 0.41517450650175036,
    "p90[TPOT]": 0.21509712508882162,
    "origin_file": "/mnt/afs/lurunyu/data/requests_over_time_models_days_from_day55_to_day55_condense1600_N17_maxrate_26_avgrate_8_placement_requests_over_time_models_days_from_day55_to_day55_condense1600_N17_maxrate_26_avgrate_8_GPUnum32_mesh_size4_idx1_stats.json"
  },
  "llm-12": {
    "model_name": "/LLMCKPTs/huggyllama/llama-13b",
    "mps": [
      100,
      30
    ],
    "first_token_latency": 1.6078549739509316,
    "output_per_token_latency": 0.2589529124787242,
    "request_num": 163,
    "throughput": 2.9332143431318207,
    "tokens_throughput": 903.5199935846969,
    "prefill_avg_batches": 5.620689655172414,
    "prefill_batch_times": 29,
    "decoding_avg_batches": 27.60019267822736,
    "decoding_batch_times": 1038,
    "p99[avg_latency]": 44.65294256274513,
    "p95[avg_latency]": 36.65138161398098,
    "p90[avg_latency]": 31.996909957345576,
    "p99[TTFT]": 6.617012414462492,
    "p95[TTFT]": 5.631929335411639,
    "p90[TTFT]": 4.570911671098323,
    "p99[TPOT]": 1.6813382568665851,
    "p95[TPOT]": 0.9688049587653973,
    "p90[TPOT]": 0.5394621558455512,
    "origin_file": "/mnt/afs/lurunyu/data/requests_over_time_models_days_from_day55_to_day55_condense1600_N17_maxrate_26_avgrate_8_placement_requests_over_time_models_days_from_day55_to_day55_condense1600_N17_maxrate_26_avgrate_8_GPUnum32_mesh_size4_idx4_stats.json"
  },
  "llm-13": {
    "model_name": "/LLMCKPTs/huggyllama/llama-7b",
    "mps": [
      80,
      30
    ],
    "first_token_latency": 1.8862223617856704,
    "output_per_token_latency": 0.04726888134742781,
    "request_num": 168,
    "throughput": 4.522781344044251,
    "tokens_throughput": 1270.1208394682365,
    "prefill_avg_batches": 4.097560975609756,
    "prefill_batch_times": 41,
    "decoding_avg_batches": 24.526543878656554,
    "decoding_batch_times": 923,
    "p99[avg_latency]": 23.880781383359665,
    "p95[avg_latency]": 18.023953731026502,
    "p90[avg_latency]": 15.036607865409927,
    "p99[TTFT]": 4.036552271883004,
    "p95[TTFT]": 3.6346203611521064,
    "p90[TTFT]": 3.2433266891874375,
    "p99[TPOT]": 0.10760879002759859,
    "p95[TPOT]": 0.08855476538522235,
    "p90[TPOT]": 0.07515935487984948,
    "origin_file": "/mnt/afs/lurunyu/data/requests_over_time_models_days_from_day55_to_day55_condense1600_N17_maxrate_26_avgrate_8_placement_requests_over_time_models_days_from_day55_to_day55_condense1600_N17_maxrate_26_avgrate_8_GPUnum32_mesh_size4_idx2_stats.json"
  },
  "llm-14": {
    "model_name": "/LLMCKPTs/huggyllama/llama-65b",
    "mps": [
      90,
      30
    ],
    "first_token_latency": 0.7260740424213309,
    "output_per_token_latency": 0.13222651273213706,
    "request_num": 75,
    "throughput": 1.2241642370773533,
    "tokens_throughput": 439.40967235145905,
    "prefill_avg_batches": 1.7857142857142858,
    "prefill_batch_times": 42,
    "decoding_avg_batches": 24.951724137931034,
    "decoding_batch_times": 725,
    "p99[avg_latency]": 51.57813970842399,
    "p95[avg_latency]": 46.31167802012526,
    "p90[avg_latency]": 41.035008101478226,
    "p99[TTFT]": 2.6185305726777757,
    "p95[TTFT]": 2.35719229720719,
    "p90[TTFT]": 1.7592636915780604,
    "p99[TPOT]": 0.2919717410728638,
    "p95[TPOT]": 0.23293871650550238,
    "p90[TPOT]": 0.19969385671155418,
    "origin_file": "/mnt/afs/lurunyu/data/requests_over_time_models_days_from_day55_to_day55_condense1600_N17_maxrate_26_avgrate_8_placement_requests_over_time_models_days_from_day55_to_day55_condense1600_N17_maxrate_26_avgrate_8_GPUnum32_mesh_size8_idx0_stats.json"
  },
  "llm-15": {
    "model_name": "/LLMCKPTs/huggyllama/llama-7b",
    "mps": [
      80,
      60
    ],
    "first_token_latency": 1.8594260185871356,
    "output_per_token_latency": 0.155519316938585,
    "request_num": 272,
    "throughput": 6.045946359109778,
    "tokens_throughput": 1744.1666136273016,
    "prefill_avg_batches": 4.059701492537314,
    "prefill_batch_times": 67,
    "decoding_avg_batches": 55.19651741293532,
    "decoding_batch_times": 804,
    "p99[avg_latency]": 36.15775323341492,
    "p95[avg_latency]": 33.820766402014534,
    "p90[avg_latency]": 31.300328855279833,
    "p99[TTFT]": 6.106050681124069,
    "p95[TTFT]": 5.727856751633809,
    "p90[TTFT]": 5.383688469685614,
    "p99[TPOT]": 0.6387298371712045,
    "p95[TPOT]": 0.4590563796227794,
    "p90[TPOT]": 0.35127428046896664,
    "origin_file": "/mnt/afs/lurunyu/data/requests_over_time_models_days_from_day55_to_day55_condense1600_N17_maxrate_26_avgrate_8_placement_requests_over_time_models_days_from_day55_to_day55_condense1600_N17_maxrate_26_avgrate_8_GPUnum32_mesh_size2_idx6_stats.json"
  },
  "llm-16": {
    "model_name": "/LLMCKPTs/huggyllama/llama-65b",
    "mps": [
      100,
      90
    ],
    "first_token_latency": 0.6985269956045045,
    "output_per_token_latency": 0.11170142141088228,
    "request_num": 116,
    "throughput": 2.0651123579888964,
    "tokens_throughput": 662.8298561434706,