{
  "llm-1": {
    "model_name": "/LLMCKPTs/huggyllama/llama-13b",
    "mps": [
      100,
      90
    ],
    "first_token_latency": 16.63203333038628,
    "output_per_token_latency": 0.07198654590377902,
    "request_num": 702,
    "throughput": 5.525826785467935,
    "tokens_throughput": 2121.437321183913,
    "prefill_avg_batches": 1.3474088291746642,
    "prefill_batch_times": 521,
    "decoding_avg_batches": 115.00832899531494,
    "decoding_batch_times": 1921,
    "p99[avg_latency]": 64.64452305879574,
    "p95[avg_latency]": 62.04734217482152,
    "p90[avg_latency]": 58.87730606725365,
    "p99[TTFT]": 35.67924680106431,
    "p95[TTFT]": 34.29738713710288,
    "p90[TTFT]": 32.190160210408266,
    "p99[TPOT]": 0.09794483901561153,
    "p95[TPOT]": 0.07926240007749248,
    "p90[TPOT]": 0.07764770541791154,
    "origin_file": "/mnt/afs/lurunyu/data/requests_over_time_models_days_from_day55_to_day55_condense500_N17_maxrate_8_avgrate_2_placement_requests_over_time_models_days_from_day55_to_day55_condense500_N17_maxrate_8_avgrate_2_GPUnum32_mesh_size1_idx0_spatial_stats.json"
  },
  "llm-10": {
    "model_name": "/LLMCKPTs/huggyllama/llama-65b",
    "mps": [
      100,
      90
    ],
    "first_token_latency": 0.2131461175687828,
    "output_per_token_latency": 0.050790629277473014,
    "request_num": 68,
    "throughput": 0.5839143906793569,
    "tokens_throughput": 192.1421824388425,
    "prefill_avg_batches": 1.0303030303030303,
    "prefill_batch_times": 66,
    "decoding_avg_batches": 8.595385980479149,
    "decoding_batch_times": 2254,
    "p99[avg_latency]": 43.772738276964205,
    "p95[avg_latency]": 41.22785378768462,
    "p90[avg_latency]": 37.186584458704665,
    "p99[TTFT]": 2.1292192835087698,
    "p95[TTFT]": 0.9142876124054192,
    "p90[TTFT]": 0.3557300047624871,
    "p99[TPOT]": 0.11042336913625592,
    "p95[TPOT]": 0.07488779683592797,
    "p90[TPOT]": 0.06185356187330548,
    "origin_file": "/mnt/afs/lurunyu/data/requests_over_time_models_days_from_day55_to_day55_condense500_N17_maxrate_8_avgrate_2_placement_requests_over_time_models_days_from_day55_to_day55_condense500_N17_maxrate_8_avgrate_2_GPUnum32_mesh_size4_idx9_spatial_stats.json"
  },
  "llm-11": {
    "model_name": "/LLMCKPTs/huggyllama/llama-30b",
    "mps": [
      100,
      90
    ],
    "first_token_latency": 40.169971277520055,
    "output_per_token_latency": 0.10646170831702001,
    "request_num": 533,
    "throughput": 2.7017810620944203,
    "tokens_throughput": 1196.8433894392376,
    "prefill_avg_batches": 6.444444444444445,
    "prefill_batch_times": 369,
    "decoding_avg_batches": 92.37715105162523,
    "decoding_batch_times": 2092,
    "p99[avg_latency]": 126.1184406638263,
    "p95[avg_latency]": 118.0578958104901,
    "p90[avg_latency]": 112.95536942276732,
    "p99[TTFT]": 78.35126164269417,
    "p95[TTFT]": 77.0376541501373,
    "p90[TTFT]": 74.30125992181749,
    "p99[TPOT]": 0.371677830543858,
    "p95[TPOT]": 0.1255562286583193,
    "p90[TPOT]": 0.10941265739818735,
    "origin_file": "/mnt/afs/lurunyu/data/requests_over_time_models_days_from_day55_to_day55_condense500_N17_maxrate_8_avgrate_2_placement_requests_over_time_models_days_from_day55_to_day55_condense500_N17_maxrate_8_avgrate_2_GPUnum32_mesh_size2_idx10_spatial_stats.json"
  },
  "llm-12": {
    "model_name": "/LLMCKPTs/huggyllama/llama-13b",
    "mps": [
      100,
      90
    ],
    "first_token_latency": 0.23972182427479238,
    "output_per_token_latency": 0.03186300017950698,
    "request_num": 163,
    "throughput": 1.558079550223379,
    "tokens_throughput": 479.9362953200346,
    "prefill_avg_batches": 1.1560283687943262,
    "prefill_batch_times": 141,
    "decoding_avg_batches": 7.87709650811108,
    "decoding_batch_times": 3637,
    "p99[avg_latency]": 25.626072158144243,
    "p95[avg_latency]": 17.10974953949675,
    "p90[avg_latency]": 13.789516344739495,
    "p99[TTFT]": 2.286645019615962,
    "p95[TTFT]": 1.5593622421111921,
    "p90[TTFT]": 0.6258687066987174,
    "p99[TPOT]": 0.1125294464464851,
    "p95[TPOT]": 0.048782726363774315,
    "p90[TPOT]": 0.04322219439458481,
    "origin_file": "/mnt/afs/lurunyu/data/requests_over_time_models_days_from_day55_to_day55_condense500_N17_maxrate_8_avgrate_2_placement_requests_over_time_models_days_from_day55_to_day55_condense500_N17_maxrate_8_avgrate_2_GPUnum32_mesh_size2_idx11_spatial_stats.json"
  },
  "llm-13": {
    "model_name": "/LLMCKPTs/huggyllama/llama-7b",
    "mps": [
      100,
      90
    ],
    "first_token_latency": 0.14258943543807137,
    "output_per_token_latency": 0.01785880882582604,
    "request_num": 168,
    "throughput": 1.8314840136240331,
    "tokens_throughput": 514.330858802192,
    "prefill_avg_batches": 1.0838709677419356,
    "prefill_batch_times": 155,
    "decoding_avg_batches": 4.0737808169875835,
    "decoding_batch_times": 5557,
    "p99[avg_latency]": 9.054704219114242,
    "p95[avg_latency]": 6.502602575311995,
    "p90[avg_latency]": 4.924849873610587,
    "p99[TTFT]": 1.66947942861382,
    "p95[TTFT]": 0.9295983411211521,
    "p90[TTFT]": 0.22736774948425661,
    "p99[TPOT]": 0.043829482198903834,
    "p95[TPOT]": 0.03272651401536804,
    "p90[TPOT]": 0.01916184468618872,
    "origin_file": "/mnt/afs/lurunyu/data/requests_over_time_models_days_from_day55_to_day55_condense500_N17_maxrate_8_avgrate_2_placement_requests_over_time_models_days_from_day55_to_day55_condense500_N17_maxrate_8_avgrate_2_GPUnum32_mesh_size1_idx12_spatial_stats.json"
  },
  "llm-14": {
    "model_name": "/LLMCKPTs/huggyllama/llama-65b",
    "mps": [
      100,
      90
    ],
    "first_token_latency": 0.365391504730384,
    "output_per_token_latency": 0.06329447359501678,
    "request_num": 75,
    "throughput": 0.6600760457159619,
    "tokens_throughput": 236.9320963562588,
    "prefill_avg_batches": 1.0714285714285714,
    "prefill_batch_times": 70,
    "decoding_avg_batches": 8.726483357452967,
    "decoding_batch_times": 2073,
    "p99[avg_latency]": 32.87783567316958,
    "p95[avg_latency]": 31.883580011646824,
    "p90[avg_latency]": 29.882723728939148,
    "p99[TTFT]": 2.096865964762799,
    "p95[TTFT]": 1.524049831517041,
    "p90[TTFT]": 1.033092179500312,
    "p99[TPOT]": 0.1605781123397859,
    "p95[TPOT]": 0.11363891032187277,
    "p90[TPOT]": 0.08785627896505581,
    "origin_file": "/mnt/afs/lurunyu/data/requests_over_time_models_days_from_day55_to_day55_condense500_N17_maxrate_8_avgrate_2_placement_requests_over_time_models_days_from_day55_to_day55_condense500_N17_maxrate_8_avgrate_2_GPUnum32_mesh_size4_idx13_spatial_stats.json"
  },
  "llm-15": {
    "model_name": "/LLMCKPTs/huggyllama/llama-7b",
    "mps": [
      100,
      90
    ],
    "first_token_latency": 0.0572570301767659,
    "output_per_token_latency": 0.015860674304364206,
    "request_num": 272,
    "throughput": 2.994130215523447,
    "tokens_throughput": 863.7625358518155,
    "prefill_avg_batches": 1.0461538461538462,
    "prefill_batch_times": 260,
    "decoding_avg_batches": 8.019154318756776,
    "decoding_batch_times": 5534,
    "p99[avg_latency]": 9.168914715314694,
    "p95[avg_latency]": 8.11581596539691,
    "p90[avg_latency]": 6.576795941869545,
    "p99[TTFT]": 0.7568102705135213,
    "p95[TTFT]": 0.09776506995465631,
    "p90[TTFT]": 0.062347403734923645,
    "p99[TPOT]": 0.02325810047777619,
    "p95[TPOT]": 0.02017138086638966,
    "p90[TPOT]": 0.018081965636945547,
    "origin_file": "/mnt/afs/lurunyu/data/requests_over_time_models_days_from_day55_to_day55_condense500_N17_maxrate_8_avgrate_2_placement_requests_over_time_models_days_from_day55_to_day55_condense500_N17_maxrate_8_avgrate_2_GPUnum32_mesh_size1_idx14_spatial_stats.json"
  },
  "llm-16": {
    "model_name": "/LLMCKPTs/huggyllama/llama-65b",
    "mps": [
      100,
      90
    ],
    "first_token_latency": 0.42201474340430256,
    "output_per_token_latency": 0.06750918904525839,
    "request_num": 116,
    "throughput": 1.1050015340179618,