{
  "llm-1": {
    "model_name": "/LLMCKPTs/huggyllama/llama-13b",
    "mps": [
      100,
      90
    ],
    "first_token_latency": 0.9621036103608729,
    "output_per_token_latency": 0.2187642268489366,
    "request_num": 702,
    "throughput": 7.758713599483951,
    "tokens_throughput": 2978.6718319887764,
    "prefill_avg_batches": 9.887323943661972,
    "prefill_batch_times": 71,
    "decoding_avg_batches": 380.9155172413793,
    "decoding_batch_times": 580,
    "p99[avg_latency]": 83.49024304015451,
    "p95[avg_latency]": 75.55891923383157,
    "p90[avg_latency]": 71.51373058108241,
    "p99[TTFT]": 2.4336775345800437,
    "p95[TTFT]": 1.9524063589218998,
    "p90[TTFT]": 1.7673666599448772,
    "p99[TPOT]": 1.3426146239067207,
    "p95[TPOT]": 0.4264699868003656,
    "p90[TPOT]": 0.2967101018235551,
    "origin_file": "/mnt/afs/lurunyu/data/requests_over_time_models_days_from_day55_to_day55_condense1600_N17_maxrate_26_avgrate_8_placement_requests_over_time_models_days_from_day55_to_day55_condense1600_N17_maxrate_26_avgrate_8_GPUnum32_mesh_size8_idx0_temporal_stats.json"
  },
  "llm-10": {
    "model_name": "/LLMCKPTs/huggyllama/llama-65b",
    "mps": [
      100,
      90
    ],
    "first_token_latency": 35.620229445076276,
    "output_per_token_latency": 0.17046710073995644,
    "request_num": 68,
    "throughput": 0.47132273086369775,
    "tokens_throughput": 155.09290332067795,
    "prefill_avg_batches": 1.36,
    "prefill_batch_times": 50,
    "decoding_avg_batches": 13.454166666666667,
    "decoding_batch_times": 1440,
    "p99[avg_latency]": 116.88552346337995,
    "p95[avg_latency]": 112.12131524982304,
    "p90[avg_latency]": 108.84331410845184,
    "p99[TTFT]": 72.95248999431617,
    "p95[TTFT]": 71.68297485262063,
    "p90[TTFT]": 71.03497191118262,
    "p99[TPOT]": 0.7403136272305648,
    "p95[TPOT]": 0.5261522013378275,
    "p90[TPOT]": 0.27650279303305353,
    "origin_file": "/mnt/afs/lurunyu/data/requests_over_time_models_days_from_day55_to_day55_condense1600_N17_maxrate_26_avgrate_8_placement_requests_over_time_models_days_from_day55_to_day55_condense1600_N17_maxrate_26_avgrate_8_GPUnum32_mesh_size4_idx2_temporal_stats.json"
  },
  "llm-11": {
    "model_name": "/LLMCKPTs/huggyllama/llama-30b",
    "mps": [
      100,
      90
    ],
    "first_token_latency": 25.66635147071739,
    "output_per_token_latency": 0.1785623042020935,
    "request_num": 533,
    "throughput": 3.6277675903830957,
    "tokens_throughput": 1607.039785676084,
    "prefill_avg_batches": 7.640186915887851,
    "prefill_batch_times": 214,
    "decoding_avg_batches": 164.37651122625215,
    "decoding_batch_times": 1158,
    "p99[avg_latency]": 121.0426878004305,
    "p95[avg_latency]": 114.96313953322917,
    "p90[avg_latency]": 109.1844012684077,
    "p99[TTFT]": 68.13929786668643,
    "p95[TTFT]": 66.17503758914395,
    "p90[TTFT]": 62.193572925549,
    "p99[TPOT]": 0.7536539052469713,
    "p95[TPOT]": 0.38287335044504806,
    "p90[TPOT]": 0.21780700439172873,
    "origin_file": "/mnt/afs/lurunyu/data/requests_over_time_models_days_from_day55_to_day55_condense1600_N17_maxrate_26_avgrate_8_placement_requests_over_time_models_days_from_day55_to_day55_condense1600_N17_maxrate_26_avgrate_8_GPUnum32_mesh_size4_idx1_temporal_stats.json"
  },
  "llm-12": {
    "model_name": "/LLMCKPTs/huggyllama/llama-13b",
    "mps": [
      100,
      90
    ],
    "first_token_latency": 1.0408672897629667,
    "output_per_token_latency": 0.402932120818486,
    "request_num": 163,
    "throughput": 2.2144094256866422,
    "tokens_throughput": 682.1060297809854,
    "prefill_avg_batches": 3.975609756097561,
    "prefill_batch_times": 41,
    "decoding_avg_batches": 28.478131212723657,
    "decoding_batch_times": 1006,
    "p99[avg_latency]": 63.62261682041845,
    "p95[avg_latency]": 53.16460752752237,
    "p90[avg_latency]": 48.60543649320306,
    "p99[TTFT]": 2.9677659901704634,
    "p95[TTFT]": 2.4544974807165563,
    "p90[TTFT]": 2.097953719623387,
    "p99[TPOT]": 2.554017913262356,
    "p95[TPOT]": 1.5702521534714233,
    "p90[TPOT]": 0.862841496941154,
    "origin_file": "/mnt/afs/lurunyu/data/requests_over_time_models_days_from_day55_to_day55_condense1600_N17_maxrate_26_avgrate_8_placement_requests_over_time_models_days_from_day55_to_day55_condense1600_N17_maxrate_26_avgrate_8_GPUnum32_mesh_size4_idx4_temporal_stats.json"
  },
  "llm-13": {
    "model_name": "/LLMCKPTs/huggyllama/llama-7b",
    "mps": [
      100,
      90
    ],
    "first_token_latency": 19.59804545018534,
    "output_per_token_latency": 0.2312806623715887,
    "request_num": 168,
    "throughput": 1.508119901743331,
    "tokens_throughput": 423.52136216874175,
    "prefill_avg_batches": 1.5412844036697249,
    "prefill_batch_times": 109,
    "decoding_avg_batches": 29.630890052356023,
    "decoding_batch_times": 764,
    "p99[avg_latency]": 91.68415149020478,
    "p95[avg_latency]": 71.03056764316372,
    "p90[avg_latency]": 64.75788195762225,
    "p99[TTFT]": 39.456852439704726,
    "p95[TTFT]": 37.37547744155116,
    "p90[TTFT]": 36.15950202581287,
    "p99[TPOT]": 1.260139656759178,
    "p95[TPOT]": 0.6581557571187797,
    "p90[TPOT]": 0.43939899031240154,
    "origin_file": "/mnt/afs/lurunyu/data/requests_over_time_models_days_from_day55_to_day55_condense1600_N17_maxrate_26_avgrate_8_placement_requests_over_time_models_days_from_day55_to_day55_condense1600_N17_maxrate_26_avgrate_8_GPUnum32_mesh_size4_idx2_temporal_stats.json"
  },
  "llm-14": {
    "model_name": "/LLMCKPTs/huggyllama/llama-65b",
    "mps": [
      100,
      90
    ],
    "first_token_latency": 0.8830958285945159,
    "output_per_token_latency": 0.32433839392292135,
    "request_num": 75,
    "throughput": 0.8220285409765171,
    "tokens_throughput": 295.06440468838423,
    "prefill_avg_batches": 2.4193548387096775,
    "prefill_batch_times": 31,
    "decoding_avg_batches": 30.301507537688444,
    "decoding_batch_times": 597,
    "p99[avg_latency]": 86.13904320076108,
    "p95[avg_latency]": 79.52145224244333,
    "p90[avg_latency]": 72.08076749950276,
    "p99[TTFT]": 2.305313540368155,
    "p95[TTFT]": 2.0583947386126957,
    "p90[TTFT]": 1.8262685993798076,
    "p99[TPOT]": 1.0179498255695127,
    "p95[TPOT]": 0.7930075923378086,
    "p90[TPOT]": 0.7775253792794851,
    "origin_file": "/mnt/afs/lurunyu/data/requests_over_time_models_days_from_day55_to_day55_condense1600_N17_maxrate_26_avgrate_8_placement_requests_over_time_models_days_from_day55_to_day55_condense1600_N17_maxrate_26_avgrate_8_GPUnum32_mesh_size8_idx0_temporal_stats.json"
  },
  "llm-15": {
    "model_name": "/LLMCKPTs/huggyllama/llama-7b",
    "mps": [
      100,
      90
    ],
    "first_token_latency": 1.68093024303671,
    "output_per_token_latency": 0.12843660632463946,
    "request_num": 272,
    "throughput": 5.100311323058084,
    "tokens_throughput": 1471.3648121239771,
    "prefill_avg_batches": 2.804123711340206,
    "prefill_batch_times": 97,
    "decoding_avg_batches": 55.19651741293532,
    "decoding_batch_times": 804,
    "p99[avg_latency]": 41.85035239230994,
    "p95[avg_latency]": 38.18506724235228,
    "p90[avg_latency]": 31.54891878964193,
    "p99[TTFT]": 5.6920562300618744,
    "p95[TTFT]": 5.341306032107211,
    "p90[TTFT]": 4.965120090434327,
    "p99[TPOT]": 0.49594274719671116,
    "p95[TPOT]": 0.3180244576476979,
    "p90[TPOT]": 0.2516402802637617,
    "origin_file": "/mnt/afs/lurunyu/data/requests_over_time_models_days_from_day55_to_day55_condense1600_N17_maxrate_26_avgrate_8_placement_requests_over_time_models_days_from_day55_to_day55_condense1600_N17_maxrate_26_avgrate_8_GPUnum32_mesh_size2_idx6_temporal_stats.json"
  },
  "llm-16": {
    "model_name": "/LLMCKPTs/huggyllama/llama-65b",
    "mps": [
      100,
      90
    ],
    "first_token_latency": 0.6078887378406743,
    "output_per_token_latency": 0.12760462704018527,
    "request_num": 116,
    "throughput": 1.93009505653046,
    "tokens_throughput": 619.4939581443283,