{
  "llm-1": {
    "model_name": "/mnt/afs/share/LLMCKPTs/huggyllama/llama-13b",
    "mps": [
      100,
      90
    ],
    "first_token_latency": 2.0857154932778297,
    "output_per_token_latency": 0.25750234782771514,
    "request_num": 702,
    "throughput": 7.391363951320449,
    "tokens_throughput": 2837.641487789915,
    "prefill_avg_batches": 14.326530612244898,
    "prefill_batch_times": 49,
    "decoding_avg_batches": 380.9155172413793,
    "decoding_batch_times": 580,
    "p99[avg_latency]": 88.20569888373656,
    "p95[avg_latency]": 81.44339161542504,
    "p90[avg_latency]": 77.93909537522084,
    "p99[TTFT]": 4.8730531414639575,
    "p95[TTFT]": 4.404556485947035,
    "p90[TTFT]": 4.121681390808523,
    "p99[TPOT]": 1.4777168474313804,
    "p95[TPOT]": 0.5665932051176706,
    "p90[TPOT]": 0.37738351297881845,
    "origin_file": "/mnt/afs/lurunyu/data/requests_over_time_models_days_from_day55_to_day55_condense2000_N17_maxrate_32_avgrate_11_placement_requests_over_time_models_days_from_day55_to_day55_condense2000_N17_maxrate_32_avgrate_11_GPUnum32_mesh_size8_idx0_temporal_stats.json"
  },
  "llm-10": {
    "model_name": "/mnt/afs/share/LLMCKPTs/huggyllama/llama-65b",
    "mps": [
      100,
      90
    ],
    "first_token_latency": 0.37242581495653615,
    "output_per_token_latency": 0.1456731823202307,
    "request_num": 68,
    "throughput": 0.8213663160502008,
    "tokens_throughput": 270.2778336461661,
    "prefill_avg_batches": 1.5813953488372092,
    "prefill_batch_times": 43,
    "decoding_avg_batches": 19.8911704312115,
    "decoding_batch_times": 974,
    "p99[avg_latency]": 72.8436840893393,
    "p95[avg_latency]": 68.2322617344521,
    "p90[avg_latency]": 61.37431121597963,
    "p99[TTFT]": 1.6426927613522853,
    "p95[TTFT]": 1.0556771323855962,
    "p90[TTFT]": 0.872175149434805,
    "p99[TPOT]": 0.3444060319114942,
    "p95[TPOT]": 0.28007425338294645,
    "p90[TPOT]": 0.24131280207941527,
    "origin_file": "/mnt/afs/lurunyu/data/requests_over_time_models_days_from_day55_to_day55_condense2000_N17_maxrate_32_avgrate_11_placement_requests_over_time_models_days_from_day55_to_day55_condense2000_N17_maxrate_32_avgrate_11_GPUnum32_mesh_size4_idx2_temporal_stats.json"
  },
  "llm-11": {
    "model_name": "/mnt/afs/share/LLMCKPTs/huggyllama/llama-30b",
    "mps": [
      100,
      90
    ],
    "first_token_latency": 30.056349394964297,
    "output_per_token_latency": 0.1959334715048758,
    "request_num": 533,
    "throughput": 3.4918309662651876,
    "tokens_throughput": 1546.8221565569859,
    "prefill_avg_batches": 7.635467980295567,
    "prefill_batch_times": 203,
    "decoding_avg_batches": 164.244176013805,
    "decoding_batch_times": 1159,
    "p99[avg_latency]": 130.9019388667731,
    "p95[avg_latency]": 125.25789386336729,
    "p90[avg_latency]": 118.78557917707191,
    "p99[TTFT]": 76.7486716533853,
    "p95[TTFT]": 74.75066215819047,
    "p90[TTFT]": 72.30626762980371,
    "p99[TPOT]": 1.0173429251136088,
    "p95[TPOT]": 0.481415159394025,
    "p90[TPOT]": 0.24751090338960036,
    "origin_file": "/mnt/afs/lurunyu/data/requests_over_time_models_days_from_day55_to_day55_condense2000_N17_maxrate_32_avgrate_11_placement_requests_over_time_models_days_from_day55_to_day55_condense2000_N17_maxrate_32_avgrate_11_GPUnum32_mesh_size4_idx1_temporal_stats.json"
  },
  "llm-12": {
    "model_name": "/mnt/afs/share/LLMCKPTs/huggyllama/llama-13b",
    "mps": [
      100,
      90
    ],
    "first_token_latency": 1.03402545997521,
    "output_per_token_latency": 0.38013379543730486,
    "request_num": 163,
    "throughput": 2.3484533390626026,
    "tokens_throughput": 723.3956668772651,
    "prefill_avg_batches": 4.17948717948718,
    "prefill_batch_times": 39,
    "decoding_avg_batches": 28.50646766169154,
    "decoding_batch_times": 1005,
    "p99[avg_latency]": 59.42169172587371,
    "p95[avg_latency]": 49.072604870959374,
    "p90[avg_latency]": 46.400749192769844,
    "p99[TTFT]": 3.1630429423907405,
    "p95[TTFT]": 2.6992176694545895,
    "p90[TTFT]": 2.2984699959777295,
    "p99[TPOT]": 2.211359694138675,
    "p95[TPOT]": 1.4647010226952706,
    "p90[TPOT]": 0.8263658381034541,
    "origin_file": "/mnt/afs/lurunyu/data/requests_over_time_models_days_from_day55_to_day55_condense2000_N17_maxrate_32_avgrate_11_placement_requests_over_time_models_days_from_day55_to_day55_condense2000_N17_maxrate_32_avgrate_11_GPUnum32_mesh_size4_idx4_temporal_stats.json"
  },
  "llm-13": {
    "model_name": "/mnt/afs/share/LLMCKPTs/huggyllama/llama-7b",
    "mps": [
      100,
      90
    ],
    "first_token_latency": 12.097270789672466,
    "output_per_token_latency": 0.22561287146253198,
    "request_num": 168,
    "throughput": 2.3482627913758916,
    "tokens_throughput": 659.456489490019,
    "prefill_avg_batches": 1.7872340425531914,
    "prefill_batch_times": 94,
    "decoding_avg_batches": 32.525862068965516,
    "decoding_batch_times": 696,
    "p99[avg_latency]": 59.60572710305185,
    "p95[avg_latency]": 50.06265496853404,
    "p90[avg_latency]": 43.75684546483905,
    "p99[TTFT]": 22.91589001189314,
    "p95[TTFT]": 22.40588339152839,
    "p90[TTFT]": 21.721022961439196,
    "p99[TPOT]": 1.3254122104407813,
    "p95[TPOT]": 1.0091831577010455,
    "p90[TPOT]": 0.3938729777263128,
    "origin_file": "/mnt/afs/lurunyu/data/requests_over_time_models_days_from_day55_to_day55_condense2000_N17_maxrate_32_avgrate_11_placement_requests_over_time_models_days_from_day55_to_day55_condense2000_N17_maxrate_32_avgrate_11_GPUnum32_mesh_size2_idx7_temporal_stats.json"
  },
  "llm-14": {
    "model_name": "/mnt/afs/share/LLMCKPTs/huggyllama/llama-65b",
    "mps": [
      100,
      90
    ],
    "first_token_latency": 1.2616137710066142,
    "output_per_token_latency": 0.3856505167448819,
    "request_num": 75,
    "throughput": 0.7861091096099349,
    "tokens_throughput": 282.1712445307874,
    "prefill_avg_batches": 3.75,
    "prefill_batch_times": 20,
    "decoding_avg_batches": 30.713073005093378,
    "decoding_batch_times": 589,
    "p99[avg_latency]": 90.64082296037488,
    "p95[avg_latency]": 85.46598931306414,
    "p90[avg_latency]": 79.450419111114,
    "p99[TTFT]": 3.8226746307075787,
    "p95[TTFT]": 3.1653742308702317,
    "p90[TTFT]": 2.9807556835986673,
    "p99[TPOT]": 1.062829678711418,
    "p95[TPOT]": 0.9483434334144468,
    "p90[TPOT]": 0.8745404904063504,
    "origin_file": "/mnt/afs/lurunyu/data/requests_over_time_models_days_from_day55_to_day55_condense2000_N17_maxrate_32_avgrate_11_placement_requests_over_time_models_days_from_day55_to_day55_condense2000_N17_maxrate_32_avgrate_11_GPUnum32_mesh_size8_idx0_temporal_stats.json"
  },
  "llm-15": {
    "model_name": "/mnt/afs/share/LLMCKPTs/huggyllama/llama-7b",
    "mps": [
      100,
      90
    ],
    "first_token_latency": 0.8170435306170326,
    "output_per_token_latency": 0.2203846509137419,
    "request_num": 272,
    "throughput": 5.319055394161327,
    "tokens_throughput": 1534.4692598126874,
    "prefill_avg_batches": 6.044444444444444,
    "prefill_batch_times": 45,
    "decoding_avg_batches": 55.19651741293532,
    "decoding_batch_times": 804,
    "p99[avg_latency]": 42.48332879207777,
    "p95[avg_latency]": 39.32670376434381,
    "p90[avg_latency]": 33.22981978807226,
    "p99[TTFT]": 2.339404966340252,
    "p95[TTFT]": 1.9424016835840408,
    "p90[TTFT]": 1.7478048655711114,
    "p99[TPOT]": 1.2244090221604993,
    "p95[TPOT]": 0.653399518595376,
    "p90[TPOT]": 0.5030313603561373,
    "origin_file": "/mnt/afs/lurunyu/data/requests_over_time_models_days_from_day55_to_day55_condense2000_N17_maxrate_32_avgrate_11_placement_requests_over_time_models_days_from_day55_to_day55_condense2000_N17_maxrate_32_avgrate_11_GPUnum32_mesh_size2_idx6_temporal_stats.json"
  },
  "llm-16": {
    "model_name": "/mnt/afs/share/LLMCKPTs/huggyllama/llama-65b",
    "mps": [
      100,
      90
    ],
    "first_token_latency": 1.9030723663076823,