{
  "llm-1": {
    "model_name": "/LLMCKPTs/huggyllama/llama-13b",
    "mps": [
      90,
      30
    ],
    "first_token_latency": 14.645418131892594,
    "output_per_token_latency": 0.07273897756107714,
    "request_num": 702,
    "throughput": 7.4239711875397445,
    "tokens_throughput": 2850.159833105803,
    "prefill_avg_batches": 11.898305084745763,
    "prefill_batch_times": 59,
    "decoding_avg_batches": 164.38318452380952,
    "decoding_batch_times": 1344,
    "p99[avg_latency]": 55.79525117135458,
    "p95[avg_latency]": 52.94600790967977,
    "p90[avg_latency]": 49.93352775341645,
    "p99[TTFT]": 26.51444591149483,
    "p95[TTFT]": 25.887997128552758,
    "p90[TTFT]": 24.939573565570637,
    "p99[TPOT]": 0.183402538306496,
    "p95[TPOT]": 0.09382670521109032,
    "p90[TPOT]": 0.0891802197862206,
    "origin_file": "/mnt/afs/lurunyu/data/requests_over_time_models_days_from_day55_to_day55_condense800_N17_maxrate_13_avgrate_4_placement_requests_over_time_models_days_from_day55_to_day55_condense800_N17_maxrate_13_avgrate_4_GPUnum32_mesh_size8_idx0_stats.json"
  },
  "llm-10": {
    "model_name": "/LLMCKPTs/huggyllama/llama-65b",
    "mps": [
      100,
      30
    ],
    "first_token_latency": 0.9423345674300458,
    "output_per_token_latency": 0.059424967393317846,
    "request_num": 68,
    "throughput": 0.7613604689495888,
    "tokens_throughput": 250.53238019435292,
    "prefill_avg_batches": 1.7894736842105263,
    "prefill_batch_times": 38,
    "decoding_avg_batches": 12.746052631578948,
    "decoding_batch_times": 1520,
    "p99[avg_latency]": 51.99377349888198,
    "p95[avg_latency]": 48.25737687129527,
    "p90[avg_latency]": 41.46520588792304,
    "p99[TTFT]": 3.735723688912391,
    "p95[TTFT]": 3.182104410518892,
    "p90[TTFT]": 1.9462626023516063,
    "p99[TPOT]": 0.11556315118496219,
    "p95[TPOT]": 0.08165869136961797,
    "p90[TPOT]": 0.0649379446198013,
    "origin_file": "/mnt/afs/lurunyu/data/requests_over_time_models_days_from_day55_to_day55_condense800_N17_maxrate_13_avgrate_4_placement_requests_over_time_models_days_from_day55_to_day55_condense800_N17_maxrate_13_avgrate_4_GPUnum32_mesh_size4_idx5_stats.json"
  },
  "llm-11": {
    "model_name": "/LLMCKPTs/huggyllama/llama-30b",
    "mps": [
      100,
      90
    ],
    "first_token_latency": 22.569330784850077,
    "output_per_token_latency": 0.11829175501843382,
    "request_num": 533,
    "throughput": 4.162699570899728,
    "tokens_throughput": 1844.0056204223918,
    "prefill_avg_batches": 3.1038251366120218,
    "prefill_batch_times": 183,
    "decoding_avg_batches": 146.43234836702956,
    "decoding_batch_times": 1286,
    "p99[avg_latency]": 96.42564220261274,
    "p95[avg_latency]": 88.97171948005631,
    "p90[avg_latency]": 85.28633075240255,
    "p99[TTFT]": 43.27241512852013,
    "p95[TTFT]": 42.15179421967268,
    "p90[TTFT]": 40.27672101422027,
    "p99[TPOT]": 0.34484947095919355,
    "p95[TPOT]": 0.15649503453348845,
    "p90[TPOT]": 0.13860915049514655,
    "origin_file": "/mnt/afs/lurunyu/data/requests_over_time_models_days_from_day55_to_day55_condense800_N17_maxrate_13_avgrate_4_placement_requests_over_time_models_days_from_day55_to_day55_condense800_N17_maxrate_13_avgrate_4_GPUnum32_mesh_size4_idx1_stats.json"
  },
  "llm-12": {
    "model_name": "/LLMCKPTs/huggyllama/llama-13b",
    "mps": [
      90,
      30
    ],
    "first_token_latency": 0.3053624582788878,
    "output_per_token_latency": 0.0554063606518796,
    "request_num": 163,
    "throughput": 2.1677787114118834,
    "tokens_throughput": 667.7423393943512,
    "prefill_avg_batches": 1.4051724137931034,
    "prefill_batch_times": 116,
    "decoding_avg_batches": 14.396482412060301,
    "decoding_batch_times": 1990,
    "p99[avg_latency]": 37.08795840939355,
    "p95[avg_latency]": 26.149020655848087,
    "p90[avg_latency]": 23.50068381596357,
    "p99[TTFT]": 1.9987671664137387,
    "p95[TTFT]": 1.5898418527152391,
    "p90[TTFT]": 0.8613435759060075,
    "p99[TPOT]": 0.18134254872084857,
    "p95[TPOT]": 0.11040258304578443,
    "p90[TPOT]": 0.08534811950073792,
    "origin_file": "/mnt/afs/lurunyu/data/requests_over_time_models_days_from_day55_to_day55_condense800_N17_maxrate_13_avgrate_4_placement_requests_over_time_models_days_from_day55_to_day55_condense800_N17_maxrate_13_avgrate_4_GPUnum32_mesh_size4_idx4_stats.json"
  },
  "llm-13": {
    "model_name": "/LLMCKPTs/huggyllama/llama-7b",
    "mps": [
      80,
      30
    ],
    "first_token_latency": 0.21079082319535133,
    "output_per_token_latency": 0.027779808331372936,
    "request_num": 168,
    "throughput": 2.7855130819749117,
    "tokens_throughput": 782.2483434196092,
    "prefill_avg_batches": 1.302325581395349,
    "prefill_batch_times": 129,
    "decoding_avg_batches": 9.724226804123711,
    "decoding_batch_times": 2328,
    "p99[avg_latency]": 14.196802380356939,
    "p95[avg_latency]": 9.751411732184703,
    "p90[avg_latency]": 8.204913457732651,
    "p99[TTFT]": 1.2654264866650125,
    "p95[TTFT]": 0.8809714722931385,
    "p90[TTFT]": 0.6010526164434846,
    "p99[TPOT]": 0.05263923663316206,
    "p95[TPOT]": 0.04629759603272224,
    "p90[TPOT]": 0.040488508065284194,
    "origin_file": "/mnt/afs/lurunyu/data/requests_over_time_models_days_from_day55_to_day55_condense800_N17_maxrate_13_avgrate_4_placement_requests_over_time_models_days_from_day55_to_day55_condense800_N17_maxrate_13_avgrate_4_GPUnum32_mesh_size4_idx3_stats.json"
  },
  "llm-14": {
    "model_name": "/LLMCKPTs/huggyllama/llama-65b",
    "mps": [
      100,
      30
    ],
    "first_token_latency": 19.975453301237028,
    "output_per_token_latency": 0.09440752258473095,
    "request_num": 75,
    "throughput": 0.6319992219605353,
    "tokens_throughput": 226.8540140586609,
    "prefill_avg_batches": 3.260869565217391,
    "prefill_batch_times": 23,
    "decoding_avg_batches": 12.42445054945055,
    "decoding_batch_times": 1456,
    "p99[avg_latency]": 70.86222249437085,
    "p95[avg_latency]": 67.26986448738538,
    "p90[avg_latency]": 65.02385111015663,
    "p99[TTFT]": 37.40983353211172,
    "p95[TTFT]": 36.43793935228884,
    "p90[TTFT]": 35.786095882993195,
    "p99[TPOT]": 0.24564037874359843,
    "p95[TPOT]": 0.1405705604630594,
    "p90[TPOT]": 0.13056338968657152,
    "origin_file": "/mnt/afs/lurunyu/data/requests_over_time_models_days_from_day55_to_day55_condense800_N17_maxrate_13_avgrate_4_placement_requests_over_time_models_days_from_day55_to_day55_condense800_N17_maxrate_13_avgrate_4_GPUnum32_mesh_size8_idx0_stats.json"
  },
  "llm-15": {
    "model_name": "/LLMCKPTs/huggyllama/llama-7b",
    "mps": [
      80,
      30
    ],
    "first_token_latency": 0.49742620343047966,
    "output_per_token_latency": 0.07371502407253593,
    "request_num": 272,
    "throughput": 4.229086998382789,
    "tokens_throughput": 1220.029406577576,
    "prefill_avg_batches": 2.4285714285714284,
    "prefill_batch_times": 112,
    "decoding_avg_batches": 32.36907366885485,
    "decoding_batch_times": 1371,
    "p99[avg_latency]": 33.66664007339409,
    "p95[avg_latency]": 29.962990323993374,
    "p90[avg_latency]": 24.693767785349866,
    "p99[TTFT]": 2.0005883735023438,
    "p95[TTFT]": 1.7714029013626282,
    "p90[TTFT]": 1.3687455168683085,
    "p99[TPOT]": 0.2752257508498491,
    "p95[TPOT]": 0.18597837662601696,
    "p90[TPOT]": 0.1557051966200595,
    "origin_file": "/mnt/afs/lurunyu/data/requests_over_time_models_days_from_day55_to_day55_condense800_N17_maxrate_13_avgrate_4_placement_requests_over_time_models_days_from_day55_to_day55_condense800_N17_maxrate_13_avgrate_4_GPUnum32_mesh_size4_idx6_stats.json"
  },
  "llm-16": {
    "model_name": "/LLMCKPTs/huggyllama/llama-65b",
    "mps": [
      100,
      30
    ],
    "first_token_latency": 1.1551573545614193,
    "output_per_token_latency": 0.0810571717035492,
    "request_num": 116,
    "throughput": 1.4797249527922243,
    "tokens_throughput": 474.94068484793183,