{
  "llm-1": {
    "model_name": "/LLMCKPTs/huggyllama/llama-13b",
    "mps": [
      90,
      30
    ],
    "first_token_latency": 1.1205725576220733,
    "output_per_token_latency": 0.12451035915558054,
    "request_num": 702,
    "throughput": 11.213743733631356,
    "tokens_throughput": 4305.103180085164,
    "prefill_avg_batches": 6.381818181818182,
    "prefill_batch_times": 110,
    "decoding_avg_batches": 327.7908011869436,
    "decoding_batch_times": 674,
    "p99[avg_latency]": 55.090471086420116,
    "p95[avg_latency]": 51.19041177755253,
    "p90[avg_latency]": 48.293198649012176,
    "p99[TTFT]": 3.8732407528582966,
    "p95[TTFT]": 3.2361605222150676,
    "p90[TTFT]": 2.7843231347973143,
    "p99[TPOT]": 0.5699082957382554,
    "p95[TPOT]": 0.22953389315116263,
    "p90[TPOT]": 0.17855538925586337,
    "origin_file": "/mnt/afs/lurunyu/data/requests_over_time_models_days_from_day55_to_day55_condense1200_N17_maxrate_19_avgrate_6_placement_requests_over_time_models_days_from_day55_to_day55_condense1200_N17_maxrate_19_avgrate_6_GPUnum32_mesh_size8_idx0_stats.json"
  },
  "llm-10": {
    "model_name": "/LLMCKPTs/huggyllama/llama-65b",
    "mps": [
      100,
      60
    ],
    "first_token_latency": 13.357187842756566,
    "output_per_token_latency": 0.12325016827814034,
    "request_num": 68,
    "throughput": 0.6729070275875376,
    "tokens_throughput": 221.42599484262854,
    "prefill_avg_batches": 2.2666666666666666,
    "prefill_batch_times": 30,
    "decoding_avg_batches": 14.069716775599128,
    "decoding_batch_times": 1377,
    "p99[avg_latency]": 68.19330963859292,
    "p95[avg_latency]": 65.46353227612842,
    "p90[avg_latency]": 60.33078078952495,
    "p99[TTFT]": 29.11797248982874,
    "p95[TTFT]": 28.620073439818185,
    "p90[TTFT]": 27.235234531478334,
    "p99[TPOT]": 0.6810456039362089,
    "p95[TPOT]": 0.4454923525245851,
    "p90[TPOT]": 0.21022575650369196,
    "origin_file": "/mnt/afs/lurunyu/data/requests_over_time_models_days_from_day55_to_day55_condense1200_N17_maxrate_19_avgrate_6_placement_requests_over_time_models_days_from_day55_to_day55_condense1200_N17_maxrate_19_avgrate_6_GPUnum32_mesh_size4_idx4_stats.json"
  },
  "llm-11": {
    "model_name": "/LLMCKPTs/huggyllama/llama-30b",
    "mps": [
      100,
      90
    ],
    "first_token_latency": 26.61753611947902,
    "output_per_token_latency": 0.16829220836251585,
    "request_num": 533,
    "throughput": 4.029449207890256,
    "tokens_throughput": 1784.9779596153253,
    "prefill_avg_batches": 12.621301775147929,
    "prefill_batch_times": 169,
    "decoding_avg_batches": 165.8266550522648,
    "decoding_batch_times": 1148,
    "p99[avg_latency]": 107.26335333374068,
    "p95[avg_latency]": 103.77114131661753,
    "p90[avg_latency]": 99.59235184554383,
    "p99[TTFT]": 58.78314512770002,
    "p95[TTFT]": 58.304556210099406,
    "p90[TTFT]": 57.42894928328072,
    "p99[TPOT]": 0.8444336683768778,
    "p95[TPOT]": 0.37204092523686866,
    "p90[TPOT]": 0.21376674806440984,
    "origin_file": "/mnt/afs/lurunyu/data/requests_over_time_models_days_from_day55_to_day55_condense1200_N17_maxrate_19_avgrate_6_placement_requests_over_time_models_days_from_day55_to_day55_condense1200_N17_maxrate_19_avgrate_6_GPUnum32_mesh_size4_idx1_stats.json"
  },
  "llm-12": {
    "model_name": "/LLMCKPTs/huggyllama/llama-13b",
    "mps": [
      90,
      30
    ],
    "first_token_latency": 1.1195193875914702,
    "output_per_token_latency": 0.04184547962360335,
    "request_num": 163,
    "throughput": 2.535708169367636,
    "tokens_throughput": 781.075898624415,
    "prefill_avg_batches": 3.5434782608695654,
    "prefill_batch_times": 46,
    "decoding_avg_batches": 14.154644268774703,
    "decoding_batch_times": 2024,
    "p99[avg_latency]": 28.9960106784335,
    "p95[avg_latency]": 18.879991621220483,
    "p90[avg_latency]": 16.640416220753142,
    "p99[TTFT]": 3.9596211720980707,
    "p95[TTFT]": 3.2628704268789535,
    "p90[TTFT]": 2.515474707967296,
    "p99[TPOT]": 0.13437274770008545,
    "p95[TPOT]": 0.08801021555471036,
    "p90[TPOT]": 0.06533151017501952,
    "origin_file": "/mnt/afs/lurunyu/data/requests_over_time_models_days_from_day55_to_day55_condense1200_N17_maxrate_19_avgrate_6_placement_requests_over_time_models_days_from_day55_to_day55_condense1200_N17_maxrate_19_avgrate_6_GPUnum32_mesh_size4_idx1_stats.json"
  },
  "llm-13": {
    "model_name": "/LLMCKPTs/huggyllama/llama-7b",
    "mps": [
      80,
      30
    ],
    "first_token_latency": 0.47942432960088815,
    "output_per_token_latency": 0.0479536690140281,
    "request_num": 168,
    "throughput": 3.880421037425492,
    "tokens_throughput": 1089.728476932722,
    "prefill_avg_batches": 1.5412844036697249,
    "prefill_batch_times": 109,
    "decoding_avg_batches": 19.56611927398444,
    "decoding_batch_times": 1157,
    "p99[avg_latency]": 23.893854175138692,
    "p95[avg_latency]": 15.723192778639186,
    "p90[avg_latency]": 11.939256402855738,
    "p99[TTFT]": 3.2083540787779423,
    "p95[TTFT]": 2.154816330476044,
    "p90[TTFT]": 1.6257401049106073,
    "p99[TPOT]": 0.16079176626792496,
    "p95[TPOT]": 0.12077454827728143,
    "p90[TPOT]": 0.08149857488842922,
    "origin_file": "/mnt/afs/lurunyu/data/requests_over_time_models_days_from_day55_to_day55_condense1200_N17_maxrate_19_avgrate_6_placement_requests_over_time_models_days_from_day55_to_day55_condense1200_N17_maxrate_19_avgrate_6_GPUnum32_mesh_size2_idx5_stats.json"
  },
  "llm-14": {
    "model_name": "/LLMCKPTs/huggyllama/llama-65b",
    "mps": [
      100,
      30
    ],
    "first_token_latency": 16.73342562132436,
    "output_per_token_latency": 0.08896211200905667,
    "request_num": 75,
    "throughput": 0.741211786329026,
    "tokens_throughput": 266.05549999684945,
    "prefill_avg_batches": 3.260869565217391,
    "prefill_batch_times": 23,
    "decoding_avg_batches": 11.77734375,
    "decoding_batch_times": 1536,
    "p99[avg_latency]": 68.85364228139296,
    "p95[avg_latency]": 66.07542737023657,
    "p90[avg_latency]": 61.14104068733505,
    "p99[TTFT]": 36.11240150499133,
    "p95[TTFT]": 35.64494367170334,
    "p90[TTFT]": 35.19724294523026,
    "p99[TPOT]": 0.20129926127136566,
    "p95[TPOT]": 0.1874736052382594,
    "p90[TPOT]": 0.15500884169219611,
    "origin_file": "/mnt/afs/lurunyu/data/requests_over_time_models_days_from_day55_to_day55_condense1200_N17_maxrate_19_avgrate_6_placement_requests_over_time_models_days_from_day55_to_day55_condense1200_N17_maxrate_19_avgrate_6_GPUnum32_mesh_size4_idx3_stats.json"
  },
  "llm-15": {
    "model_name": "/LLMCKPTs/huggyllama/llama-7b",
    "mps": [
      80,
      60
    ],
    "first_token_latency": 0.08224264607529663,
    "output_per_token_latency": 0.023288491786449466,
    "request_num": 272,
    "throughput": 6.107279338835798,
    "tokens_throughput": 1761.8602763226743,
    "prefill_avg_batches": 1.167381974248927,
    "prefill_batch_times": 233,
    "decoding_avg_batches": 21.626705653021443,
    "decoding_batch_times": 2052,
    "p99[avg_latency]": 11.644343430776646,
    "p95[avg_latency]": 11.116708467866294,
    "p90[avg_latency]": 9.1000632123289,
    "p99[TTFT]": 0.9978058468276035,
    "p95[TTFT]": 0.3683833680351571,
    "p90[TTFT]": 0.1196468624665073,
    "p99[TPOT]": 0.06281193929769571,
    "p95[TPOT]": 0.029920441218508547,
    "p90[TPOT]": 0.027386034763943294,
    "origin_file": "/mnt/afs/lurunyu/data/requests_over_time_models_days_from_day55_to_day55_condense1200_N17_maxrate_19_avgrate_6_placement_requests_over_time_models_days_from_day55_to_day55_condense1200_N17_maxrate_19_avgrate_6_GPUnum32_mesh_size1_idx9_stats.json"
  },
  "llm-16": {
    "model_name": "/LLMCKPTs/huggyllama/llama-65b",
    "mps": [
      100,
      30
    ],
    "first_token_latency": 4.841723918455449,
    "output_per_token_latency": 0.16162531123288124,
    "request_num": 116,
    "throughput": 1.5649116481977094,
    "tokens_throughput": 502.28267660083725,