{
  "llm-1": {
    "model_name": "/mnt/afs/share/LLMCKPTs/huggyllama/llama-13b",
    "mps": [
      100,
      90
    ],
    "first_token_latency": 36.43154272524355,
    "output_per_token_latency": 0.07026525611393462,
    "request_num": 702,
    "throughput": 5.944774613405008,
    "tokens_throughput": 2282.2768828133103,
    "prefill_avg_batches": 1.56,
    "prefill_batch_times": 450,
    "decoding_avg_batches": 120.59552401746726,
    "decoding_batch_times": 1832,
    "p99[avg_latency]": 99.50326698483545,
    "p95[avg_latency]": 96.6015791933989,
    "p90[avg_latency]": 93.14341779581866,
    "p99[TTFT]": 76.03691247529443,
    "p95[TTFT]": 75.22363339721224,
    "p90[TTFT]": 72.97494614952653,
    "p99[TPOT]": 0.09493878272613017,
    "p95[TPOT]": 0.07577262430957221,
    "p90[TPOT]": 0.07332593307546795,
    "origin_file": "/mnt/afs/lurunyu/data/requests_over_time_models_days_from_day55_to_day55_condense2000_N17_maxrate_32_avgrate_11_placement_requests_over_time_models_days_from_day55_to_day55_condense2000_N17_maxrate_32_avgrate_11_GPUnum32_mesh_size1_idx0_spatial_stats.json"
  },
  "llm-10": {
    "model_name": "/mnt/afs/share/LLMCKPTs/huggyllama/llama-65b",
    "mps": [
      100,
      90
    ],
    "first_token_latency": 0.95407941462494,
    "output_per_token_latency": 0.10278008736724518,
    "request_num": 68,
    "throughput": 1.0521078035697111,
    "tokens_throughput": 346.20535606876257,
    "prefill_avg_batches": 1.7435897435897436,
    "prefill_batch_times": 39,
    "decoding_avg_batches": 19.76938775510204,
    "decoding_batch_times": 980,
    "p99[avg_latency]": 54.89384707866884,
    "p95[avg_latency]": 49.96132292823958,
    "p90[avg_latency]": 46.484663855309044,
    "p99[TTFT]": 4.321339927214682,
    "p95[TTFT]": 4.075696570147946,
    "p90[TTFT]": 3.6956552944179637,
    "p99[TPOT]": 0.3684844631377909,
    "p95[TPOT]": 0.23966065229971167,
    "p90[TPOT]": 0.15956276127942084,
    "origin_file": "/mnt/afs/lurunyu/data/requests_over_time_models_days_from_day55_to_day55_condense2000_N17_maxrate_32_avgrate_11_placement_requests_over_time_models_days_from_day55_to_day55_condense2000_N17_maxrate_32_avgrate_11_GPUnum32_mesh_size4_idx9_spatial_stats.json"
  },
  "llm-11": {
    "model_name": "/mnt/afs/share/LLMCKPTs/huggyllama/llama-30b",
    "mps": [
      100,
      90
    ],
    "first_token_latency": 69.23476943703038,
    "output_per_token_latency": 0.10270866393582355,
    "request_num": 533,
    "throughput": 2.6628405248486193,
    "tokens_throughput": 1179.5933889718715,
    "prefill_avg_batches": 6.807065217391305,
    "prefill_batch_times": 368,
    "decoding_avg_batches": 92.18138424821002,
    "decoding_batch_times": 2095,
    "p99[avg_latency]": 179.05632530798556,
    "p95[avg_latency]": 172.99063007467686,
    "p90[avg_latency]": 168.15487357751505,
    "p99[TTFT]": 143.86093004003584,
    "p95[TTFT]": 139.9823775447473,
    "p90[TTFT]": 132.8505262201883,
    "p99[TPOT]": 0.2548189484084686,
    "p95[TPOT]": 0.13201819078573448,
    "p90[TPOT]": 0.11138583658694626,
    "origin_file": "/mnt/afs/lurunyu/data/requests_over_time_models_days_from_day55_to_day55_condense2000_N17_maxrate_32_avgrate_11_placement_requests_over_time_models_days_from_day55_to_day55_condense2000_N17_maxrate_32_avgrate_11_GPUnum32_mesh_size2_idx10_spatial_stats.json"
  },
  "llm-12": {
    "model_name": "/mnt/afs/share/LLMCKPTs/huggyllama/llama-13b",
    "mps": [
      100,
      90
    ],
    "first_token_latency": 0.3850937286766897,
    "output_per_token_latency": 0.07320647265120939,
    "request_num": 163,
    "throughput": 3.718859968384768,
    "tokens_throughput": 1145.5229457216615,
    "prefill_avg_batches": 1.9404761904761905,
    "prefill_batch_times": 84,
    "decoding_avg_batches": 22.88258785942492,
    "decoding_batch_times": 1252,
    "p99[avg_latency]": 28.73033963800906,
    "p95[avg_latency]": 22.228222556982562,
    "p90[avg_latency]": 20.066642480476958,
    "p99[TTFT]": 1.7044921671716862,
    "p95[TTFT]": 1.2965908032719042,
    "p90[TTFT]": 1.173575616782904,
    "p99[TPOT]": 0.35798839194540155,
    "p95[TPOT]": 0.16610122977501968,
    "p90[TPOT]": 0.12484942329833394,
    "origin_file": "/mnt/afs/lurunyu/data/requests_over_time_models_days_from_day55_to_day55_condense2000_N17_maxrate_32_avgrate_11_placement_requests_over_time_models_days_from_day55_to_day55_condense2000_N17_maxrate_32_avgrate_11_GPUnum32_mesh_size2_idx11_spatial_stats.json"
  },
  "llm-13": {
    "model_name": "/mnt/afs/share/LLMCKPTs/huggyllama/llama-7b",
    "mps": [
      100,
      90
    ],
    "first_token_latency": 0.15992400766656342,
    "output_per_token_latency": 0.02474843902573403,
    "request_num": 168,
    "throughput": 6.266751336785722,
    "tokens_throughput": 1759.8753649893665,
    "prefill_avg_batches": 1.2,
    "prefill_batch_times": 140,
    "decoding_avg_batches": 17.92399049881235,
    "decoding_batch_times": 1263,
    "p99[avg_latency]": 12.12508793329082,
    "p95[avg_latency]": 8.15990589705762,
    "p90[avg_latency]": 5.896058130167057,
    "p99[TTFT]": 1.569168336621523,
    "p95[TTFT]": 1.1878018088754279,
    "p90[TTFT]": 0.571626326444373,
    "p99[TPOT]": 0.09845614729552633,
    "p95[TPOT]": 0.0476365085449306,
    "p90[TPOT]": 0.03228596993004135,
    "origin_file": "/mnt/afs/lurunyu/data/requests_over_time_models_days_from_day55_to_day55_condense2000_N17_maxrate_32_avgrate_11_placement_requests_over_time_models_days_from_day55_to_day55_condense2000_N17_maxrate_32_avgrate_11_GPUnum32_mesh_size1_idx12_spatial_stats.json"
  },
  "llm-14": {
    "model_name": "/mnt/afs/share/LLMCKPTs/huggyllama/llama-65b",
    "mps": [
      100,
      90
    ],
    "first_token_latency": 1.9522855599263311,
    "output_per_token_latency": 0.16579575085708603,
    "request_num": 75,
    "throughput": 1.4054447407578536,
    "tokens_throughput": 504.479704879229,
    "prefill_avg_batches": 3.125,
    "prefill_batch_times": 24,
    "decoding_avg_batches": 28.443396226415093,
    "decoding_batch_times": 636,
    "p99[avg_latency]": 48.12692989963293,
    "p95[avg_latency]": 43.835911672547084,
    "p90[avg_latency]": 38.46928018926531,
    "p99[TTFT]": 5.185449860373438,
    "p95[TTFT]": 4.492217830015346,
    "p90[TTFT]": 4.0936004118226474,
    "p99[TPOT]": 0.5131533841602698,
    "p95[TPOT]": 0.39752713413909074,
    "p90[TPOT]": 0.34853736506280225,
    "origin_file": "/mnt/afs/lurunyu/data/requests_over_time_models_days_from_day55_to_day55_condense2000_N17_maxrate_32_avgrate_11_placement_requests_over_time_models_days_from_day55_to_day55_condense2000_N17_maxrate_32_avgrate_11_GPUnum32_mesh_size4_idx13_spatial_stats.json"
  },
  "llm-15": {
    "model_name": "/mnt/afs/share/LLMCKPTs/huggyllama/llama-7b",
    "mps": [
      100,
      90
    ],
    "first_token_latency": 0.09257363411693781,
    "output_per_token_latency": 0.0318694088556656,
    "request_num": 272,
    "throughput": 9.051160702368987,
    "tokens_throughput": 2611.126757329006,
    "prefill_avg_batches": 1.326829268292683,
    "prefill_batch_times": 205,
    "decoding_avg_batches": 38.99648506151142,
    "decoding_batch_times": 1138,
    "p99[avg_latency]": 15.546574858101318,
    "p95[avg_latency]": 13.919417851497045,
    "p90[avg_latency]": 10.89118366403468,
    "p99[TTFT]": 0.6207978338937089,
    "p95[TTFT]": 0.42049461322296405,
    "p90[TTFT]": 0.2889893797311933,
    "p99[TPOT]": 0.07228384282882123,
    "p95[TPOT]": 0.052402444325264655,
    "p90[TPOT]": 0.04707550917587736,
    "origin_file": "/mnt/afs/lurunyu/data/requests_over_time_models_days_from_day55_to_day55_condense2000_N17_maxrate_32_avgrate_11_placement_requests_over_time_models_days_from_day55_to_day55_condense2000_N17_maxrate_32_avgrate_11_GPUnum32_mesh_size1_idx14_spatial_stats.json"
  },
  "llm-16": {
    "model_name": "/mnt/afs/share/LLMCKPTs/huggyllama/llama-65b",
    "mps": [
      100,
      90
    ],
    "first_token_latency": 0.9303991280726704,