{
  "llm-1": {
    "model_name": "/LLMCKPTs/huggyllama/llama-13b",
    "mps": [
      100,
      90
    ],
    "first_token_latency": 35.2737661319598,
    "output_per_token_latency": 0.07468369959473076,
    "request_num": 702,
    "throughput": 5.645712650383578,
    "tokens_throughput": 2167.4630758788135,
    "prefill_avg_batches": 1.536105032822757,
    "prefill_batch_times": 457,
    "decoding_avg_batches": 120.2018498367791,
    "decoding_batch_times": 1838,
    "p99[avg_latency]": 95.66408580913743,
    "p95[avg_latency]": 91.90119053067482,
    "p90[avg_latency]": 88.67683145042012,
    "p99[TTFT]": 70.921518924159,
    "p95[TTFT]": 69.76833163280568,
    "p90[TTFT]": 68.78401422026505,
    "p99[TPOT]": 0.12561367208733343,
    "p95[TPOT]": 0.0863695898322285,
    "p90[TPOT]": 0.08137538495947431,
    "origin_file": "/mnt/afs/lurunyu/data/requests_over_time_models_days_from_day55_to_day55_condense1200_N17_maxrate_19_avgrate_6_placement_requests_over_time_models_days_from_day55_to_day55_condense1200_N17_maxrate_19_avgrate_6_GPUnum32_mesh_size1_idx0_spatial_stats.json"
  },
  "llm-10": {
    "model_name": "/LLMCKPTs/huggyllama/llama-65b",
    "mps": [
      100,
      90
    ],
    "first_token_latency": 0.5157520484625744,
    "output_per_token_latency": 0.09193566462591422,
    "request_num": 68,
    "throughput": 0.9142382298674575,
    "tokens_throughput": 300.8381563457975,
    "prefill_avg_batches": 1.2830188679245282,
    "prefill_batch_times": 53,
    "decoding_avg_batches": 17.628753412192903,
    "decoding_batch_times": 1099,
    "p99[avg_latency]": 55.81946637484735,
    "p95[avg_latency]": 49.898170666010735,
    "p90[avg_latency]": 46.14813242353251,
    "p99[TTFT]": 2.3703442825086407,
    "p95[TTFT]": 1.876371227641279,
    "p90[TTFT]": 1.5809657257609073,
    "p99[TPOT]": 0.36080968589329093,
    "p95[TPOT]": 0.2714185716022155,
    "p90[TPOT]": 0.13885363490760935,
    "origin_file": "/mnt/afs/lurunyu/data/requests_over_time_models_days_from_day55_to_day55_condense1200_N17_maxrate_19_avgrate_6_placement_requests_over_time_models_days_from_day55_to_day55_condense1200_N17_maxrate_19_avgrate_6_GPUnum32_mesh_size4_idx9_spatial_stats.json"
  },
  "llm-11": {
    "model_name": "/LLMCKPTs/huggyllama/llama-30b",
    "mps": [
      100,
      90
    ],
    "first_token_latency": 58.40292278795789,
    "output_per_token_latency": 0.1007641735190281,
    "request_num": 533,
    "throughput": 2.8129180154548834,
    "tokens_throughput": 1246.075183168954,
    "prefill_avg_batches": 6.807065217391305,
    "prefill_batch_times": 368,
    "decoding_avg_batches": 92.18138424821002,
    "decoding_batch_times": 2095,
    "p99[avg_latency]": 155.2265858522502,
    "p95[avg_latency]": 149.16173980164405,
    "p90[avg_latency]": 145.06352375849087,
    "p99[TTFT]": 122.66748769562716,
    "p95[TTFT]": 119.08445206431298,
    "p90[TTFT]": 112.77501518853134,
    "p99[TPOT]": 0.3129036722591578,
    "p95[TPOT]": 0.11689030576420205,
    "p90[TPOT]": 0.10469465823148934,
    "origin_file": "/mnt/afs/lurunyu/data/requests_over_time_models_days_from_day55_to_day55_condense1200_N17_maxrate_19_avgrate_6_placement_requests_over_time_models_days_from_day55_to_day55_condense1200_N17_maxrate_19_avgrate_6_GPUnum32_mesh_size2_idx10_spatial_stats.json"
  },
  "llm-12": {
    "model_name": "/LLMCKPTs/huggyllama/llama-13b",
    "mps": [
      100,
      90
    ],
    "first_token_latency": 0.12155148566329124,
    "output_per_token_latency": 0.03413567452209346,
    "request_num": 163,
    "throughput": 2.8512344133922984,
    "tokens_throughput": 878.2676605031529,
    "prefill_avg_batches": 1.1726618705035972,
    "prefill_batch_times": 139,
    "decoding_avg_batches": 14.274539113104135,
    "decoding_batch_times": 2007,
    "p99[avg_latency]": 23.615916965549676,
    "p95[avg_latency]": 16.054050566875066,
    "p90[avg_latency]": 13.458989149118466,
    "p99[TTFT]": 1.1228648486637816,
    "p95[TTFT]": 0.44644288128862863,
    "p90[TTFT]": 0.2764355924030145,
    "p99[TPOT]": 0.10698526944184289,
    "p95[TPOT]": 0.06628518632845953,
    "p90[TPOT]": 0.04129849307116968,
    "origin_file": "/mnt/afs/lurunyu/data/requests_over_time_models_days_from_day55_to_day55_condense1200_N17_maxrate_19_avgrate_6_placement_requests_over_time_models_days_from_day55_to_day55_condense1200_N17_maxrate_19_avgrate_6_GPUnum32_mesh_size2_idx11_spatial_stats.json"
  },
  "llm-13": {
    "model_name": "/LLMCKPTs/huggyllama/llama-7b",
    "mps": [
      100,
      90
    ],
    "first_token_latency": 0.19813356241869126,
    "output_per_token_latency": 0.02048519457796949,
    "request_num": 168,
    "throughput": 4.1454472019623125,
    "tokens_throughput": 1164.155080603452,
    "prefill_avg_batches": 1.1506849315068493,
    "prefill_batch_times": 146,
    "decoding_avg_batches": 10.318140382862351,
    "decoding_batch_times": 2194,
    "p99[avg_latency]": 10.26241172064842,
    "p95[avg_latency]": 7.138082288806948,
    "p90[avg_latency]": 5.3448360998903715,
    "p99[TTFT]": 2.1272574359410137,
    "p95[TTFT]": 1.1481759441951294,
    "p90[TTFT]": 0.9378712923110774,
    "p99[TPOT]": 0.07633903737438635,
    "p95[TPOT]": 0.0364392218609535,
    "p90[TPOT]": 0.026415621509923694,
    "origin_file": "/mnt/afs/lurunyu/data/requests_over_time_models_days_from_day55_to_day55_condense1200_N17_maxrate_19_avgrate_6_placement_requests_over_time_models_days_from_day55_to_day55_condense1200_N17_maxrate_19_avgrate_6_GPUnum32_mesh_size1_idx12_spatial_stats.json"
  },
  "llm-14": {
    "model_name": "/LLMCKPTs/huggyllama/llama-65b",
    "mps": [
      100,
      90
    ],
    "first_token_latency": 0.7477018283889525,
    "output_per_token_latency": 0.13547403988526294,
    "request_num": 75,
    "throughput": 1.063469400491869,
    "tokens_throughput": 381.7287964085548,
    "prefill_avg_batches": 1.5957446808510638,
    "prefill_batch_times": 47,
    "decoding_avg_batches": 21.87424425634825,
    "decoding_batch_times": 827,
    "p99[avg_latency]": 54.62309453716191,
    "p95[avg_latency]": 49.81789879936104,
    "p90[avg_latency]": 45.82401718428607,
    "p99[TTFT]": 2.800089160026112,
    "p95[TTFT]": 2.501005252674843,
    "p90[TTFT]": 2.118603287972511,
    "p99[TPOT]": 0.5799649469914713,
    "p95[TPOT]": 0.3322880684155658,
    "p90[TPOT]": 0.22403588515186998,
    "origin_file": "/mnt/afs/lurunyu/data/requests_over_time_models_days_from_day55_to_day55_condense1200_N17_maxrate_19_avgrate_6_placement_requests_over_time_models_days_from_day55_to_day55_condense1200_N17_maxrate_19_avgrate_6_GPUnum32_mesh_size4_idx13_spatial_stats.json"
  },
  "llm-15": {
    "model_name": "/LLMCKPTs/huggyllama/llama-7b",
    "mps": [
      100,
      90
    ],
    "first_token_latency": 0.3288909287473835,
    "output_per_token_latency": 0.030448633891052613,
    "request_num": 272,
    "throughput": 6.3379591434628315,
    "tokens_throughput": 1828.4080076075054,
    "prefill_avg_batches": 1.3532338308457712,
    "prefill_batch_times": 201,
    "decoding_avg_batches": 24.545353982300885,
    "decoding_batch_times": 1808,
    "p99[avg_latency]": 14.876812864163366,
    "p95[avg_latency]": 11.69423244285242,
    "p90[avg_latency]": 10.589102282606687,
    "p99[TTFT]": 2.108505927949529,
    "p95[TTFT]": 1.779444171665236,
    "p90[TTFT]": 1.3834114383695029,
    "p99[TPOT]": 0.1844247697554656,
    "p95[TPOT]": 0.06951773583889004,
    "p90[TPOT]": 0.04903170926495502,
    "origin_file": "/mnt/afs/lurunyu/data/requests_over_time_models_days_from_day55_to_day55_condense1200_N17_maxrate_19_avgrate_6_placement_requests_over_time_models_days_from_day55_to_day55_condense1200_N17_maxrate_19_avgrate_6_GPUnum32_mesh_size1_idx14_spatial_stats.json"
  },
  "llm-16": {
    "model_name": "/LLMCKPTs/huggyllama/llama-65b",
    "mps": [
      100,
      90
    ],
    "first_token_latency": 0.4502106723238061,
    "output_per_token_latency": 0.11561144634191249,
    "request_num": 116,